500womensci,54kdoctors,AcademicDilemma,AcademicParity,AnnMCairns,AshaEveryday,BarbaraFantechi,Blklivesmatter,Brenda_King_MBE,BreneBrown,CMonaghanSNP,CarlaRK3,ChaithanyaRW,ChrisMillsRD,Daniel_Knauf,DrDaniJackson,DrEricDing,DrJaniceGassam,DrJoGrady,DrUmeshPrabhu,EHRC,FraZaffarano,GBosquesMD,GoogleExpertUK,JacqEHoward,JazdzewskiTara,JeremyFarrar,LadyOcciput,McloydKeli,MedellBriggsMD,Memej99,MindfulAcademix,MrAndyNgo,NHSBME,NarenSeshadri,ProfAlang,ProfGrahamTowl,ProfTimNoakes,QasimRashid,RDerekBlack,RankinProf,RaoMala,Reddit,RepJayapal,Robby42394165,STEMHigher,STEMJustice,STEMWomen,ShomariLW,SoMe_Lilian,Stemettes,UKRI_CEO,UKRI_News,UniversitiesUK,VernaMyers,Voa1234,WHENequality,WPA_Psychiatry,academicvoices,ajackiehunter,ana_safavi,arghavan_salles,ayshakhoury,bmckinney5678,bmj_latest,braincures,centreWJ,charter4values,civilrightsorg,dineshbhugra,do_kinder,doctorow,doctorsoumya,ilyas_nagdee,jenkrubin,katherinefugate,marlataviano,mashalamarie,nhsbame,rwade300,soozaphone,theRCN,thenosm,wef,wellcometrust,womenspeakersHC,zosiamk
2Shayzz,605Schmidty,6shawdee,ADShariefHashim,AggenMichelle,AlykhanKR,Angel_Whetstone,Coach_BJ_John,CoachdanMSM,DannyBeeck_,DylanWintersCo,GUCCIIIDRAGON,JesseWuCreative,JordanALange,KiairaTalia,MEG_atron13,MSawatzky5,NixieCharm,RicoFresco_,RobHarper131,RobertJudin,SammySilv,StephJ1128,TheFatTwink,TimDuncanAD,WoleOke,XBcreative,_Allison25,alexberger1928,allysonfoutty,andrew_holman2,annna_brownnn,anthonyzych,atothebewc,coachsmith_24,crshbndicoot,drewmorrisTB,gobtlights,iamJDos,jakem70,jamespawelczyk,justin_coxy,keithewarner,knoxrob1,kreeves53,kyle_zedaker,kylevc,lilmorris19,markmajewski,meg__bor,mora82,mzjenjacobs,nona_jr,number9concepts,persianprince07,rachel_lauren14,rosiekatroach,ryan_nix,shandydawkins,wholelottaola,zswartz
1stKiersten,1strongrobin,3rd_sage,99ermikeb,ATrumpest,AlexaNielsen6,AllaireFl,BLUE_W0LVERINE,BernFost1,BlueCollarBret,CavitenaA,DemNevada,DonLew87,EmmanuelNaouri,Fix8d2022,Gdad1,Henness87,Islandlatte,LanceUSA70,MarisolTorresRS,MiaDM18,PaulDereume,PetraMcCarron2,PhillBiker,PrdLiberal7,ResisterChic,Rubicon1313,SMHeath1,SassyAssSister,Scott_5D,TCRG2012,VanessaBnBR,WvHannah1,armada_jasonv,bindi34,blmtoo1,blmtoo2,bmcarthur17,calijo77,cokogay,dindin6,doxie53,evolv67,farrell_nfarl,jbm32753,jkelink,joegmurph,jpierni,katibug817,kristinresistin,mcburls,missin_florida,oregon_resister,ozzyunc,ptwantsjustice,rr7lv,sdr_medco,sergeivote,smom_sara,tekwhiz,vegix
1strongrobin,4a_of,AMPMTALK,ArresthimNow,BLUE_W0LVERINE,BrendaBalazs,DawnandKevin1,IDLIVA,JamiJm,JoshuaPotash,KenobiCheated,KikiAdine,KingRezizt,LepapillonBlu,Missin_Florida,NewJeffCT,RENEEWEATHERS2,RadarResist,RaymondEsq2,Raymond_LLM,RitaMacMom,RosannaPhillip,SDDNP,Scott_5D,TerriResists,TheSizzleReport,Wikweko,Winners786,bamableu,basementvegan,bogdanoffelaine,brianlewis3282,cokogay,cris_n3wy,crzyfkinworld,davywalter,dindin6,doxie53,forwardarc,funder,garym27,hollytreat,idespisegqp,jewell35_a,lizmoblubuckeye,lunaticopresid1,michelle_spenc,msvespa,oddworld2020,oregon_resister,pauldereume,ragcha,sara2001noor,sdr_medco,sergeivote,tekwhiz,vegix,xtraferocity,yoksig
AmberRajen,CBrollies,ChrisMcKeown96,CraftyNSparkly,CrowderSzn,HerciMerci,JadHustler,Jennie_mda,K8rlo,K_Thorp,K_dot_ali,LJx03,LobCityBlake,LockdownSimmons,MerOutLoud,MilkaRFan,MyLastChance8,NotAMook,OmNy__,RaptorsGirl99,Respect0vaMoney,ShesBootyful_,StephintheUS,TMLGAL,ThatGuyNoFlow,The_BatBan,TitanRFederer,Zennatic,ZoneDefenses,_Queen_U,_Tavares91,aintyourcuppa,biggles14,blackkmagik_,considerthecash,coresters,danicara77,dareful_,dc_loves_tennis,dirtbag_daddi,djross_86,isabelle31,jebba67,kyrellluc213,leileiokay,maberrie,madalxnx,mswgrrrrl,p_laudi,sassmonkey74,suchplatonic,thatonekimgirl,tornjordans,tubbyzach,wlrjack
AirMax1963,ChrisMcKeown96,CoachBurton13,CoachFore,CoachGerlich,CoachJBurton,CoachKJLee,CoachScottCross,CoachWashDHS,CrowderSzn,Headsupu,HerciMerci,JadHustler,JesseFrisinger,JillianMcLeod05,K8rlo,K_dot_ali,LJx03,LobCityBlake,LockdownSimmons,NotAMook,OmNy__,RagingEd68,RaptorsGirl99,Respect0vaMoney,Socorro_AD,ZoneDefenses,antoinette6ix,bacon_gawd,biggles14,biglanny6767,brentjones4,cedrickfinnie,cjdowney,coachpayne_JP,considerthecash,coresters,dannyraayyy,itsjeremiahlove,jermaine_hall_,jonathanswalley,kyrellluc213,merickwins,modkuraika,mrbrown124,p_laudi,raiderlady70,rainb0wskyz,reed_begley,seanbarows,tashaabby_,thatguyprl,titansmitt,wlrjack
CMcCabeWCPSS,CounselorHCreek,DrSandyChambers,HeatherForWake,HortonsCreekES,JackieB_Ellis,JamesOverman,KESPrincipal,KaTonya_Gary,KristinKSmall,MHokenberg,MSavageWCPSS,MariahAWalker,MeganMadlon,MrMooreClass,MrsWrightin5th,MsMcCollumAP,Ms_S_in3rdgrade,Parkside_AP,Raiford1,RebeccaWeaver1,TMus_Ed,TeresaLky3,WLMSPrincipal,WMartinWCPSS,agep_,ashliet15,basil_marin,burt_batten,carolmohn,cnstone79,coach_Liles,crobinson0893,demery_kim,dillonsalem,drncgarrett,drsandychambers,drtsexton,gaetaescoto,jeffbugajski,jen_hawkins4,jennawadsworth,latiquadortch,mikeaustinwest,missdavis_kait,missuehlin,mrsefter,mrsfosters4th,ms_cleveland,msgilmer3,redandwhiteap,seydric7,teresalky3,vscouncil
01000011CS,3wombats,ALS_NSWACT,BakchosGlass,BethanyinCBR,CapesJoy,CartwheelPrint,DebKilroy,Earth1stlinda2,FaiMujer,GerryGeorgatos,GreenLeftOnline,JennyPineapple2,JonesHowdareyou,KingLouisRocks,Kosmic_Quokka,L_DeWeaver,LadyPoop2,MeganKrakouer,MicheleScheffl1,Michz45,MouseRoaring,NITV,OBallmark2,OddemocracyA,QAustralian,RBJRON,RachelQuayle08,RightsLGBTI,RobRobbEdwards,SenatorDodson,ShutYouthPrison,Tiddapage,Watershedd,WhteRbbnAdvocat,YaThinkN,age_no_barrier,anne_clothier,blakandblack,denniallen,earthma23,lobbycoorg,lynlinking,mormorlady,noplaceforsheep,notowelfarecard,paulinehollywoo,prudinx,rationalbitch,rjstrikers,twtrrr,wgarnews,xskinn
BricksandHeroes,CCortave24,Daya_5h,FILMSBYJILL,HassanHamid26,IisafIrt,J00NPRNT,JenyB20,JlMlNLOVELY,Lunwi88,Rivers_Hellfire,SpeedingAhead,SuperSonsTalk,Winifre83171900,YOONGINl,alexgoeswest,ayatogf,btsxnormani,bulba3aur,cupidIog,dipperdeep_5,eIriset,egohobis,fernanholiday,goIfyang,gothsmin,heizenote,helcnsharpe,hwaIvrs,jeremylovesyall,jhskive,kiIIbh,kookiectrl,kswagg1441,lvurl,martianphurba,masteracestick,mylanagd,pinkvelvethobi,playgrls,rmkuIt,robac96,suhcore,svtbeg,taeilfrog,the1414the,tinynines,trtlmin,uenct,xianseo,yngi28,ynkive,yuriclip
1stKiersten,4a_of,99ermikeb,BrendaBalazs,JoshuaPotash,KelleyRose20,KikiAdine,LanceUSA70,LepapillonBlu,Missin_Florida,RENEEWEATHERS2,RaymondEsq2,Raymond_LLM,ResisterChic,RitaMacMom,SDDNP,SadieTNResist,TCRG2012,TerriResists,TheSizzleReport,VoteBlueBLM,Winners786,bfs2020,blmtoo1,calijo77,cris_n3wy,crzyfkinworld,curiousyummies,customcore7,dindin6,forwardarc,garym27,jbm32753,kodiak149,llmich,lunaticopresid1,michelle_spenc,myceeta,oregon_resister,pauldereume,ptwantsjustice,ragcha,resisterclaire,sdr_medco,sergeivote,small1ldy1,tekwhiz,vegix,womanrises,yoksig,zen4ever2us
AGuyNamedMacks,Blue70517,CaribbeanLovely,DavKind76,EllisMbeh,FlightAV1,GameOfAnt,Hamanicart617,IovelsX,KhyleDeWitt,MJ_Santii,MyKicksAreMyFix,MysticPabbz,NYCDemonDiva,RheasRiptide,RosePlanted_,Suziealto,VinaMkayce,WASMINYGRANDE,_TeeRay,beastmvde,bitchwhatline,blisstatements,bvnkslayer,chipolones,crownfIair,doggosaults,extremetaryn,flairley,iamMimiChelles,ilykinganoai,isitsafe100,jnxnvr,juliehuha,lilrjunlimited,loganstunt,longliveswift16,lynchblissx,mrjcisreal,naeusername,only1tonid,pacquiana,queenoftheringg,rbonne1,real_diculous,reneesheadset,rondarouseyszn,wwezigglerguy,x_rob_,y2stump
AriaOlumiMD,BisonLegend,Blahut174,CScott60kg,CarolynBestAUA,Cepp125,Coach_DePalma,DlambJ,DrPFili,JessicaJScott10,Kosoy125kg,LoebStacy,MaleHealthDoc,NGWIZZZ,NateEngel,NickMitchell_GV,PCuroMD,PopovicsPetra,ProfessorJill,RodriguezMDUrol,SBeesonMD,SarehParangiMD,Svet_MD,SylviaSuadicani,TP2USA,TavennerAnne,adam_rosalyn,allysonschwab,angiesmith_uro,caldwell_cody,coachalexstam,coachk_kunzman,coachshehan,colleen_eileen,coreykcpa,endourologyucsd,f_beasley,gprins,hoagieboyhidlay,jamill_kelly,louise_adam,mattfields16,mrsbeasleycpa,sjalisi,stevegarland125,sthavaseeelan1,wehodarwinian
Alfie_NUFC,Bernardo_SZN,BurrGoes,DIMITRlNHO,ElimadAidan,FPLMatthew,FPL_Scofield,HeritageCFC,Ifcoscar,IfcwiII,KavinDeBruyne17,MCFCbarney,MarkRobson15,McfcJoe_,Mcfc_Blake,OliB_RFC,PogbaXv,UTDSANCHO07,WazFPL,_cfcbilly,adzmufc,ainscough_jacob,aritravo_auddy,brencfc,ding_dan_18,dingpring,etiennejones59,fpl_phenom,gabi_szn,gedashtonged8,ghulamali93,jsmstormy,kostarlos,leedsunitedjack,lfcfahad_,mackutdd,mcfcaaron_,mufc_mason,primebaz,rfcjoej,samrosserr,slbdiogo_,sznvalverde,thelfcarticle,wiganchris15,willsumner09,willthompssonn
NotSoNu0618,PRODK00K,STARSCHAE,VANTElNC,all4ateez,beatingonbars,busanbarbie,defcnvsuh,dilfjoon,dimincito,egosdebut,exhaIesabrinas,flowerpetalpjm,flwrboyjk,goIfyang,itboyjoons,jeaiousyeo,jimnity,joonciaga,joonsm00n,leavmeaIone,lightammo,luvkoobis,mindpiercer,minhkyuns,minhykism,mistralotf,namgiszn,namkoo_k,notsonu0618,prfctdobrik,sapphikyun,sesehyoon,shesdrivingme,singularkoshy,t4ejn,timeouthoney,v33h0p3,vanteclaude,vantewon,wonhostrap,wooizdan,x1yeons,xustyie,yeosvt,yrnjimin
221BadWolf,APabloIsForever,AfroBoPeep,AnnaPernigo23,BRCHeaven,BillyRocks_13,CyrusMMcQueen,DaBlackB2,DimashTurkey,Dimashour_,ErieP0P,GivesKyle,LesleyOliverA,LunaLuvgood2020,Lyna91Fr,Martaducq,NO1GifQueen,PeterAarons,SMEthatsme,ShazieZea,TheKpopProf,VivienneCafe,alapadma2,artistdae,bts_army_nl_,catsraindance,dimash_id,dimash_turk,funder,jisbir,karie202,kate_mccrea,magicshopbooks,magneto444,nm_armstrong,obsen8,revet_up,rosy_hinata,seriesfuse,sjkchingu,therese1105,trdimash,turkeydimash,unclesean,wetbulldog
BABYL0L0,Big_Gundy,Camelliaaa__,CarterSmith25,Cayce2Turnt,Domoxthegreat,G__Font,JamesFromNowOn,KeeyaDanielle,Lo1of1,Markus_2_U,Mo_Farah11,Nadia__33,PBuckles10,RockLeeReese,SportsGuyEv,ThatManMarco,TheKenjTrend11,TheeHaileyC,TinyDoll_3,_CB23_,__Parissssss,addiereimbold,audadddy,bearwitness__,bosley_Sha,dxezduh,er1nbutler3,geonnaej,hogankri000,iamalfr3d,jjbailey,jordiedanielle,kvryn_,leah_isabella,marcusfillyaw3,moonaisdabest,or_lanaa,putspiceonit,rosehull25,saceila,sikoragabby,swags_on_auto,taycru1,tiffhoneynguyen
Alaa83080665,Angel_Stockler,BP_Maroc,Bella_Ely_,Cassandra_Jully,Cathhewat123,Citibank,DrNikolova_Rumi,FIRSTGODISLOVE,GTX3O,HARRYS1DEMPIRE,IsabelPerez1232,KINGJAMESHBIBLE,KedmaHelena1,LadyYAZNE,MariaLuisa1968_,MaribellaAngels,Mellyssa57,MohammedNahir,RebeccaLMahan,RetweetSite,RosaNegra_08,RosaTrunk,Seaclare115,Silau25,SolyMar66091744,THEWORDINCHRIST,THE_LGND_,YukariKingdom18,Zeno_Mello,antoniaparra8,djblackzitoun,eshahan345,ginestarros,josepaulinosan,otrogoga60,rodmedi12,ruby2015xo,sabinmarketing,shaker_michel,vinaymishra1961,visit_marrakech,zehramurvet,zeteamD
5yexe,BaylordYama_,Doragontoko,FlowSantana1,FourYuno,GhibliGal,LexyBoo555,Lyniinii,MarcoAnimeGFX,MosIIey,Natsukashii_20,ParadoxZeppeli,Sabogoatt,SephirothSZN,ThunderDevil2,austynmayes2,boruderp,celsenpai,d8uhh,dieptho1,drkRose11,esukanoiru,fuckmoddy,getoufucker,hiker_hobo,jamalkilam,jtentoes,koben1dance,kotominleskinen,maxpain144,mohmentai,piink_dolphin,rawrXDay,really_lena,ryoikitenkai,saucekeuchiha_,sekysin,slucciii,swrggyc,tomboysanyu,tyler_szn,v2breaker,vagabluntt,yozoraskey
Alfie_NUFC,Bernardo_SZN,BurrGoes,DIMITRlNHO,ElimadAidan,FPLMatthew,FPL_Scofield,IfcwiII,KavinDeBruyne17,MCFCbarney,MarkRobson15,McfcJoe_,Mcfc_Blake,OliB_RFC,PogbaXv,UTDSANCHO07,WazFPL,_cfcbilly,adzmufc,ainscough_jacob,aritravo_auddy,brencfc,degzzzzzz,ding_dan_18,etiennejones59,fpl_phenom,gabi_szn,gedashtonged8,ghulamali93,jsmstormy,kostarlos,leedsunitedjack,lfcfahad_,mackutdd,mcfcaaron_,mufc_mason,primebaz,samrosserr,slbdiogo_,sznvalverde,thelfcarticle,wiganchris15,willsumner09,willthompssonn
1strongrobin,AMPMTALK,AndyPopeInTheW1,BlkSantaX,BrendaBalazs,CarlyJA22,Gr8fulchik2,JWeber988,Just_renear,KWehsner,LanceUSA70,LeonaLioness6,MDomino07,Missin_Florida,PPersnickety,Peatches66,Rosie_wearamask,SARA2001NOOR,SDDNP,TCRG2012,Texy_Liz,WilliamFPeters2,armada_jasonv,beachaholic823,bmcarthur17,bogdanoffelaine,clairermassey,customcore7,dindin6,doxie53,drodvik52,garym27,idliva,karel60524954,kellabel,pauldereume,ptwantsjustice,ragcha,summerisunique,susavestheworld,vegix,wycked_yum,yoksig
AlvarezHashi,Applelaw1Sandra,BLUE_W0LVERINE,Back_dafucup,BigPixieKiss,BlkSantaX,BlueR00n,CamiLee13,CharismaMolotov,CindisPLace,DearAuntCrabby,DrotmanMarc,KikiAdine,LRPow79,Leslieoo7,MCJayhawk,NashvilleDeeDee,PolkaDotty22,RhymesRadical,RickResisted,SDDNP,SKVL75,Saahearn,SelfImposedXile,ShelbyKStewart,SugarySunPints,TheSizzleReport,ThomONeil1,Yes_We_Can_44_,b_sullivan704,csu_scientist,debiowens,electroboyusa,joelytrumpshate,lunaticopresid1,mommamia1217,olivier_patti,pomsmama,poptart9797,resistelle,sallydeal4,sergeivote,vegix
AlpinePA,AnkurKalraMD,BoggildLab,CardiacPA1,ChaseSamsel,ChaseTMAnderson,ChipSBowman,Docbasia,DrBiancaBusch,DrHowardLiu,DrJenniferCo_Vu,DrLondonoTobon,DrvanTilburg,HalletJulie,JointReconPAC,KTamirisaMD,MariaUloko,Mcgrathew33,Ortho_PA,PaCardiology,RuralEDPA,StressHoop,VietHeartPA,ZhealaQayyum,alvie_barr,amydjohn,chandan_khandai,dfreedman7,fitmslax,hvanspall,jack_turban,karenerrichetti,michael_RNtoPA,mymomthesurgeon,orthokimchipac,parper19,pauguste2016,pnw_md,queerdoctor,ramlakasozimd,tmprowell,unL1Meded,wordfinga
BurrisSkip,CareyAnders1,DrChoueiri,DrSGraff,ERPlimackMD,EnriqueSoto8,ErikaHamilton9,FaltasLab,GretchenKimmick,JYoungPierce,KalinskyKevin,KimrynRathmell,Lymphoma_Doc,LynnHowie1,Neil_Iyengar,SamLubner,ScaltritiLab,ShaalanBeg,ShuchiGulati,TiansterZhang,cancerassassin1,chadinabhan,drkevinknopf,drsarahsam,drteplinsky,fumikochino,hemoncwarner,hmcarthur,jhaveri_komal,lukepoggi,m_e_nielsen,marklewismd,montypal,mtmdphd,ndenduluri1,oncology_bg,ophirag,scottrberry,sdent_duke,tmprowell,weoncologists,yzafar
1mmortalSpartan,Aimz_1987,And_She_Said_1,DiaDiGiovanni,DrAnneKnowle,ExposingBigotr1,Gammon_Basher,Gaynorann46,Georgiii364,JezLeathercraft,JulieMorrigan,LennonShoes,LightHealing,LouiseRawAuthor,MettlesomeTeri,RayCampbell19,RedJohnBounds,RedbirdEl,SariellaHerself,ShabbirLakha,Sparkyxxx,TheMendozaWoman,VeganBeaV,WoodIandWitch,bekiund,biddydub,celtjules66,craftyvegangirl,dawnsmith07,drunkvegans,dukeofnewyork3,elishaleann87,garlic_pickle,ignorefreaks,jacqui703,leebeeesq,mariecountryman,parsifel43,redmatt14,ukmav,wrenasaurus
5yexe,BaylordYama_,Doragontoko,FlowSantana1,FourYuno,GhibliGal,LexyBoo555,Lyniinii,MarcoAnimeGFX,MosIIey,Natsukashii_20,ParadoxZeppeli,Sabogoatt,SephirothSZN,ThunderDevil2,austynmayes2,boruderp,celsenpai,d8uhh,dieptho1,drkRose11,esukanoiru,getoufucker,hiker_hobo,jamalkilam,jtentoes,koben1dance,kotominleskinen,maxpain144,mohmentai,piink_dolphin,really_lena,ryoikitenkai,sekysin,slucciii,swrggyc,tomboysanyu,tyler_szn,v2breaker,vagabluntt,xenokizu
AndrewLivengoo1,Bells_Brainiacs,BenCline18,BloomerSTEAM,Burt_Batten,CMcCabeWCPSS,EmmyKenner,HeatherForWake,Hrivnak_Flyers,IanSolo31688188,JackieB_Ellis,JamesOverman,JetsPrincipal,KESPrincipal,LisaBar29093512,MCBrunson,MSavageWCPSS,MariahAWalker,MaryJones1225,MrsEngelhaupt,MrsHines_PGES,MsBakerPGES,OberdorfTammy,RedandWhiteAP,WMartinWCPSS,ashliet15,carla_jernigan,coxtheheel,crobinson0893,dillonsalem,drtsexton,jennawadsworth,mikeaustinwest,mrsefter,mrssparrowsnest,ms_cleveland,mzpettey,principalchamp7,seydric7,teresalky3,vscouncil
6ogol,Ianzzhan,Iesbianastro,LHyunjjn,S4KUMAS,akaahis,catboykenma,daichorizo,doppogf,g01_huang,gudbaimaik,hatzsu,hifugwn,huaIins,hympic,ikiishima,jeongoldendaddy,jggsaw,jinguangfrog,kenmxkyu,kg3yama,koullua,lNDlGNO,manjros,mobesper,namskit,ninqzhan,nshinoyz,poemvox,ritsukv,ryiodan,ryuiseitai,seoghw,sftanne,streetlght,tobioweb,touy4gf,ugetzai,wiIardo,yeenkle
501benji,85HotSmartChick,BellahJosie,Bill20859071,ComesAnnemarie,Dannielle820,Darth_Pingu,EachDayIsBetter,EmmaBell1889,Feisty_Ginger_6,FoxySparkles23,Heavensnewbaby,JannikBartholo1,JoshuaLeePwllJr,Ketih_the_Yeti,KingOfMadProps,LilBit_1999,Lustythoughts1,Rebeccah81,RememberSF71,Russ_Gillette,SamyHeath1993,adrianmyreality,bacon_ninjette,bobbylwesson,cbink_liltx,cdcoy7,cheeky_2c,darzdamnn,dirtlife0,farver_m,insignificuntxX,libragrl1685,lostinmusic1982,mira_veronica9,mrnic1319,rumgirlkw,tblightning2004,thatsmybeercan2
ARSB0Y,ASH1SLAND,BooksFlynn,SOULMARK_,arttsan,bcrkhart,cavrtown,charlislover,dylomazer,elevnmax,feeIskata,feelsreddie,filterjongho,goalshidalgo,hautecuIt,jeonglndie,jeongughk,jonahspov,marisatwmei,nctyrant,nekkotae,oliviasrare,onesttarr,ourmingi,raclhelweisz,rcmiones,romiqne,rosamwndpike,seohopalett,skysgranger,softsoah,supportforzayn,taesicshidae,thevitieIIo,treasureez,tsukiiiua,vminteamo,vopestupid,zaynstarfalls
412champs,BeingTheEIite22,BreesusWRLD,CarusoDaLegend,ChachaDarth,CheeseheadBrett,CrowderSzn,Derwin2icy,EmekaTheGreat16,FrankieBackup1,GrantHDowling,JadHustler,K8rlo,KillaKyrie2,LJx03,LobCityBlake,LockdownSimmons,NotAMook,OmNy__,Sethortizz,SmoothSmithh,SpicyMexii,ZoneDefenses,btoma15,carsonzo3,considerthecash,coresters,currypiston,drizzylawd,fatherprime305,hoodieramey,jechols10,joelkjacob_,joshbreesus,kendallfirev2,kuntakincade,tylersherman24,wlrjack,wnbacafe
Indasa12,NAMGlGOD,_whaIien,agu_ust,bffienamu,boysruin,comfysugamon,cupidyg,drewst4rs,eboyjeons,everythinggoes,fltrvk,frustratedjk,h7bist,hannideleon,hetphobicnamgi,jasthemeanie,jimsIover,joondilf,kisses4tete,koofIuff,koyabffies,livs_joonie,lytsingularity,magicshopsjjk,myclematis,myglliflous,peachpuffrm,pinaypolejuice,pioneerwizard,promisechimmy,stars4goo,sugainterlude,uwukinawa,vkfilter,vmintted,yoonglatte,yoonluver,zalesperson
AGuyNamedMacks,BigHec217,BrittanyMarie0x,DavKind76,EllisMbeh,GameOfAnt,Hamanicart617,HanOrNah,INDIE_DustyDave,LifeAsAdrianna,MJ_Santii,MyKicksAreMyFix,NYCDemonDiva,SavSOS_,Suziealto,arii_ello,beyzathecreator,brittdwils,caleigh2000,calscocktail,cth5sos,fakesosmikey,fooolishlyifall,forthewein,hiheloitslauren,iamMimiChelles,jnxnvr,laur_alyssa,mmdcmr,mmpalmer429,naeusername,payneandhemmo,rbonne1,redredesertt,rosieex3,tbfh_sam,wildfIowerlou,xojessicaarosee,y2stump
4a_of,ArresthimNow,BLUE_W0LVERINE,DJZJCZ,DawnandKevin1,KLGLASS2,KenobiCheated,LepapillonBlu,PetraMcCarron2,Scott_5D,Wikweko,bamableu,basementvegan,cokogay,collieflower922,crzyfkinworld,curly_woowoowoo,dindin6,doxie53,eve_gaige,forwardarc,garym27,hollytreat,idespisegqp,jpierni,kristinresistin,michelle_spenc,missin_florida,oregon_resister,polarsprite,ptwantsjustice,sara2001noor,sdr_medco,sergeivote,tekwhiz,vegix,wycked_yum,xtraferocity
BlueandSalty,BrillMann,Caryn_Brooklyn,Good_Ole_Bebs,HACKEY17,JasonNotEvil,KLM_Wolfmama,KrisDoerschner,Mianmath83,MomOf2Happas,MumInBits,OhioMomoftwo,Pete_Denno,PuckinSassPot,SnarkyMommy78,ThatMummyLife,VisionBored1,bigeby13,bluegitana,casquita_,cathycola513,diaruba74,dishs_up,dweetz67,gus_posey,hairlesschimp,keepsmiling5942,liliknits,megoing,notmuchofahw,rmidawg,rocky1951,sexyfoodbyme,silly_emily3,sixersfanoforli,smartass_moms,someboysmother,tincanLizzy
AustralianLabor,CartwheelPrint,DanTout,Earth1stlinda2,FatherBob,GHillosopher,JacyntaKrakouer,JaneoOakley,Kosmic_Quokka,L_DeWeaver,LadyPoop2,LennaLeprena,Loud_Lass,MeganKrakouer,On_Da_Ball3,Outofthewoodsi1,RBJRON,RachelQuayle08,RightsLGBTI,RobRobbEdwards,WgarNews,actgovernment,age_no_barrier,arenatweets,blakandblack,colleenmmck618,erambiboy,geoffrey_payne,kateju9,lynlinking,mswarriorLMS,potcalling,rationalbitch,reinventionfail,rjstrikers,twtrrr,xskinn
AngelOsuagwu,CHRISTIANAH_,CanonKiing,CrowderSzn,EmekaTheGreat16,JadHustler,K8rlo,Kemss_x,LobCityBlake,LockdownSimmons,NotAMook,OlumideDamilol2,Pi_hus1,Sadcastic2,Solaofin,Temisan___,TheNzubechukwu,__onome__,_omeizaa,_wolz_,chu__daddy,considerthecash,coresters,ememasanga,favgirlarin,fayyeegbuniwe,graceadehi,hisokasbitch_,kenejay17,king_josh_ex,lifeoftope,sele_ebozele,soluwaaa,the_fabunmi,tundstheengine,wlrjack,zirim_
Alex_Gardner21,Bmore_Sports8,DOMIN8TRIXX,Doubleaajay,EliteRob2914,Hennessy_God,JLCH303,Kollinwood_Jai,MichBallistreri,RavensHypeMan,Sekiind_Gerard,TCS37,Victor_412,_classsy_,amERIKAn_pie1,anghell1992,bestmec01,briski715,five433,footballman58,gardner_dawn,jaedon_barnes,jesus_obie,jl4486,michballistreri,mike_champagne,mixmastermatt4,ravingislife,sekiind_gerard,sooCALmonteri,stonecoldsua,str8cashhomie88,thank_u_hex,theMSZQ,timadkins1_tim,yellow815
Quinty_official,RealSamuelX,STILLTHERULES,adoreyeu,aelinfeelings,alliehayxs,astoronan,astridIevi,barzalhale,barzyhsx,batsgadot,brennaxjensen,chandlewr,condekilmartin,dantevaIentinas,dreamfiennes,gabikilmartin,harrysgoochi,hsgolden1,icednessa,jamiiierosexx,langfordwolf,lwttobesolonely,mjzibanedad,mymaddiecade,oberynism,roseleblnc,sedgwickate,tdbruzzese,thekewnobi,tuckerbrina,vansedgwick,zaynstarfalls,zjmreader,zoyastorm
AFROKOBE_,Annnoying10005,BeanElite,BonnyWabbit,BryMontana,Butterfly_424,ChrisHs22,DKyle24,EliteLakeShow,KbsGoat,Keke_nba,KyleLAstyle,LakerFacts,LakerFilmRoom,Lyl1Eric,Matt_Aye_Oh,PlayoffLillard,R_Jeezy_DaGreat,SOULbeautifulme,SincerelyDani,TheNickyBands,TorieMonae,YoungMace22,_ThisIsImani,atxjake,blckbuttrfly1,iamGTF,jascalloway,josh2saint,keziethedon,lakeshow_wess,matt_aye_oh,mavus15,r_jeezy_dagreat,tallguy951
ATrumpest,BlkSantaX,BrendaBalazs,KelleyRose20,LepapillonBlu,Missin_Florida,PetraMcCarron2,RhymesRadical,SDDNP,armada_jasonv,bamableu,bogdanoffelaine,brianlewis3282,calijo77,cris_n3wy,customcore7,dindin6,doxie53,garym27,jamlouh,jbm32753,katibug817,kristinresistin,michelle_spenc,missin_florida,nihilismo7,pauldereume,ptwantsjustice,ragcha,rr7lv,tekwhiz,waltsimsjr,yoksig,zen4ever2us
BTSundus,EpicMahonelover,K00K0RE,KILLUAK00,RSPCTKNJ,TAEHYUNGGOODBOI,aesthetic_jessi,afterwc,cozyjeons,cultgoo,destinyskoo,entropiIs,fckygii,heartIake,hinaxata,hobiepuff,hxneyboyyoongs_,jeongenre,jiminhubs,jinsideee,jkscamera,kooable,koocuddles,krasgguk,orleelauren,simp4myg,starryjmini,sunnihxpe,taenishka,taevoyage,ughIvr,ughtaesty,w0npi,wonpilbiersack
BLCKLlGHT,FL0WSN0TGREAT,G0DSPlT,HlSALPHA,IovepIay,STALKEDWHORE,algaxaraz,bitchkittenn,brxtbxby1,bunniegrl333,daddysinlove1,deadrxses_,enbysies,fendibbyj,fuKcBunNy,g0dsplt,gloombcyseason,h0peudi3,hourtohcur,kamisxmx,legallyines,murdcrs,newsbians,newsieslive,pinapplexpapaya,puppiwuppi,puppygxddess,sapphicsiIena,satxnangels,siutfiim,soft_amor,sourlover_,traumaculture,yoursoftmommy
AM22_22,AWKWORDrap,Askewtie666,BigMig78,BrillMann,CarolynLinder,Dannysuede7,DecisionUterus,DollLikesToKISS,Feisty_Ginger_6,HACKEY17,KLM_Wolfmama,LabourPartyUSA,Mianmath83,MommaSmallzz,PepperOceanna,PuckinSassPot,ScarlettYoli,ShannaPersin,WhoDisTweet,WoobieTuesday,anhiebananhie,b59288911,bernietovest,bigeby13,fairygodmomma,hairlesschimp,keepsmiling5942,o_rittenhouse,peterpslpacheco,rocky1951,sexyfoodbyme,socialistpisces,zoyaislove
Bukss__,DaddyStanley_,Feranmi_wole,Haeseven,Leon_TheGodSon,MiracleBolaji,MiwaEkanem,Miwa_banjo,Mo_jallo,MrOdunsi,Obiagheli1,OsisamiG,Richincheekss,The_precioushy,_Lovettt,__Feranmi,__fregene,beautifull_chi,fayyvour,frozenfirenaija,gracetheAvril,jozieh_,kendriiick,limmssss,o_jibby,official_micolo,olayimika_,pengofficial_,queennmxx,ribiks_,sassysage31,soniascorna,zoyce016
BLCKLlGHT,FL0WSN0TGREAT,G0DSPlT,HlSALPHA,IovepIay,STALKEDWHORE,algaxaraz,bitchkittenn,brxtbxby1,bunniegrl333,daddysinlove1,deadrxses_,enbysies,fendibbyj,fuKcBunNy,g0dsplt,gloombcyseason,h0peudi3,hourtohcur,kamisxmx,legallyines,newsbians,newsieslive,pinapplexpapaya,puppiwuppi,puppygxddess,sapphicsiIena,satxnangels,siutfiim,soft_amor,sourlover_,traumaculture,yoursoftmommy
EXOBETCHA,EXOJKYLL,PUSSYIXlNG,PrinceOfDCrown,SN0WFAKE_,TWICEXOluvs,artsbaekho,bbhvenus,flowerzbyun,giuzhong,hyunaIove,jenrubyvr,jonginoturn,kriswuniverse,kunputasso,kyoongogh,luhangucci,luhanmyeon,lypeposey,maedobichento,maknaemints,mon_byun,ningsflower,pcy_yeoI,pcyartt,pcydyeux,saturnbyun,shinerculture,taemindie,whypcy,yehetten,zkdlicy,ztaoartista
AFCTempo,AnthonyMartial,DanMcNeice,GaIIese,GymIad,InvertedFWD,MartiaI9,Minnel37,Musab07_,RealistGlizzy,SackOIe,ShameIessFC,TheFergusonCode,Uhgfx7,UtdEnthusiastt,UtdGeraId,UtdKM_,UtdNadd,UtdZakee,_elizaabethh_,_sirbartman,brad_penrith,burnertee,ftbIswanny,ftblaziz,ildiavoIorosso,itsthabobruh,kgethegoo,muele_s,mufc_oscar,nnimxxo,paulpogba,pelebesee
1004coups,HaoVue,IfWonu,SUHG4Y,VEAUTlFUL,VOBOSTUDlO,btstonks,doyeovr,dreamcowrt,gabiikhaleesi,gyupoetry,helloxngel,huffleighpuff,imsicktomboy,jeonghansart,jhschiId,junhuiglxy,luvggukie,neosvteen,onlyalostmind,reddoyami,ryugirbw,seventcarat,starsgyus,subooway,svtbot,svtwaves,taeyamour,uttvernon,wetaeil,wonhogrl,wontentia
A_isbomb,F3moji,JeonsJahan,Natasha___7,S3V3N_Anpanmans,Taeularity,Tifimafi,_noonabear_,bez_llght_year,bibliophile_ami,bougieyoongi,cxff_ee,egotrivia,eternallykoobi,h9im9i,hobblessly,hoseoksIady_,jeonggukfits,jimineater,jinberru,joonsdababy,lunatheorbit,mangonecta,moongenies,moonsrkives,nakwonjhs,raspberrybread,seesawgloss,suikua,tamara_alex,toehyung_,ynguklvr
97busanjjk,SEOKHIP,akwza,cryinfections,cryinred,damngirlsxx_,diornisus,hekseokjin,hjoonglips,hobisunt,holland_oli,hopswrld,hwasaeyes,jeonsbIog,jinboioIa,jinspecial,jjkbottomy,julliamv1,kdrxmas,koookiesmile,mbbshin,mon_camif,onIytete,pjmsaid,pkjmgod,psychoIuvie,seokpifany,shownteIl,taewhosx,tooclosetstars,vantaesz,yoonxxy
12WCV,1stKiersten,99ermikeb,AP,AllaireFl,JBK11,Missin_Florida,Myti_7,RaymondEsq2,ResisterChic,VoteBlueBLM,blmtoo1,blmtoo2,calijo77,cici18480257,dindin6,doxie53,ikodp,jbm32753,jinsunoo,jkelink,kristinresistin,llmich,mcburls,mcpli,mcy_sally,missin_florida,myceeta,ozzyunc,smfox,tomiahonen,zen4ever2us
CryingCrows1,DocFake,ERnurse86,EXPELincels,Falconer084,Hitchy_,IDreamOfNinja,IsabelPolnareff,Jess4_RK,KT8812,Katorin1986,LucidlyDoom,Moflo19,SashaRK27,Suddenstorm0,SweetInTheGale,allegedlyangelo,alohaimarie,bishopduxk,blueberryhobos,cheritaisrandom,dani_pitter,hobiicola,iSnortArsenic,nab1803,nyxarmy,pastelhour,swampwubba,tryviatokyo,wearethefoxes_,whereitrains,wonderboybarnes
0hae_vibes,0haewuff,HaeWooxx,Istrinyasiwon_,RyeowooksThighs,brunbrunzz,cheesedemarco,chocohyuk,chocomilkyland,ckyuhyun_,cosmicbigstar,dongba151086,eejwithyou,gemesgyu,haetteok,hyuktannie,kyumiracle,lcttaloveys,lifeisfcking,mamacyita,megalailatus,onlyhyukeaj,palingberuntung,pshfly3424,puspitafathya,ryeocake,ryeonggyu_,sivvonie,ubijalar_,vazowsk,y0urhikari,yaudaok
BELASHAD0W,MICDROPBECKY,Uuguinho,WingsJa,bangtanssense,btshallow,btspopstan,btswwprinces,egojhobi,fanaticahonly,flyejimin,gcfmarvel,gcforyoongi,ggukmusic,gguksadism,jihopestear,jkthdetail,jkthdetails,nj_Seoul,taejinsecret,taekooqk,taeneptunus,taeniesoft,taewars,taezjmx,thegreatrosies,trulysjin,vantaechild,vanteggukks,yooniverse52,yoontinyes
Baiuwu,JEN0MILE,SANRlOBTS,angeIhyucks,angiseok,bubblyhyuka,cutedoki,dazzlerene,eternaIIytxt,gwiyoungmins,haoisyourday,hyckei,hyckkie,itzjensoo,jinniedais,jinsbabie_,kithyunho,koosfilters,lgbtaegi,mi6nhyuk,namkooseok,nctiechan,purintae,sanhwalight,tearsvu,tinysbffies,tinytaefm,triviabeomies,wolfbunniesun,wonpilbiersack,wooniland
ALWAYSAQUATIC,SrtaOmegaKim,aquatisc,baekfeminist,ceokjm,exopalette,exowarning,fall_exo,flowerzbyun,flyingkrisses,hanruIes,jenrubyvr,kaimour,kawatsumu,kyusunwings,legendyoh,lilylovesyixing,luhangucci,luhanmyeon,markxuxi,pcyartt,pcybonito,shinerculture,standojongin,taemindie,whypcy,xingult,xiufleur,yejisart,zkdlicy,zorovlog
BlkSantaX,JamiJm,KelleyRose20,LanceUSA70,LepapillonBlu,MDomino07,PetraMcCarron2,ResisterChic,RhymesRadical,Rosie_wearamask,SDDNP,TCRG2012,bfs2020,bogdanoffelaine,curiousyummies,dindin6,doxie53,fix8d2020,irkenz,jacketrose86,jbm32753,katibug817,noneejudi,ptwantsjustice,ragcha,realCheeto1,resisterclaire,seacreaturemama,tekwhiz,zen4ever2us
AMPMTALK,BlkSantaX,CarlyJA22,ConnieG1025,Gr8fulchik2,GulliAz,LanceUSA70,LeonaLioness6,MDomino07,Peatches66,PetraMcCarron2,RENEEWEATHERS2,SKVL75,bogdanoffelaine,clairermassey,crzyfkinworld,customcore7,dindin6,idliva,jacketrose86,jamlouh,katibug817,og_dbl_lo_g,ptwantsjustice,ragcha,rr7lv,summerisunique,tekwhiz,waltsimsjr,yoksig
BugCatchMookie,CraigMaster,DanJayMmkay,DiajehM,DreenAlyse,ExtremePhant0m,EzCarnage25,GrimWh0,Highlander_YT,Krystaalsg,MaiDesuwu,MegaCacturnt,NC_Squared,PattyTrills,R0zu,SamuRylee,Slyzir_,SwordSwallows,WimbledonAlley,YeezyStP,_ProdigyDiamond,cleverlostboy,davion_ow,diamonatrixx,in_vivid_color,jordanfisher,ohdeer__,sam1rjacob,sheikchaser8,slyzir_
Annawastaken,JAYNOTFOUND,PlGRANK,ROYALPlG,SKFPPY,SkeppysMom,WholesomeSkepp,bebeskeppy,caittiac,cherryskeppy,dreamnaps,heartskeppy,honeyyblade,notskep,peachnmangoees,roofbunnyy,sIeepytwtinc,sapnapextra,skepforever,skeplove,skeppiss,skeppysmile,skeppywastaken,skepwich,softskep,sophianotfound,trulyskep,vibrantskep,vintageskep,zakslilmuffin
BobaTzuyu,H940PE,MessyYuh,Mixer_US,OT7babess,ariadegrandwall,arianaxgng,ariigws,chimchimsJK,cloudyyxbutera,dangerousstears,doggo_lbbh,eyojungkookie,foodforbts,gguksphoria_,haIfheartedcIub,iIlejeons,itselmariakim,jiminsirose,jinsanes,jooonjah,justafanboylol,kthsoftboi,monchildu,needyFORariii,peachimmy_,seokchuu_,seoksflwr,speakyourselfvm,vanteeescenery
ConfedofLunches,Duke_of_Phale,IDLIVA,JamiJm,KelleyRose20,KingRezizt,MDomino07,OBXJEN,ResisterChic,Rosie_wearamask,TCRG2012,TexasGal_98,bogdanoffelaine,brianlewis3282,cris_n3wy,fix8d2020,garym27,gloriadoherty11,idliva,irkenz,jacketrose86,jewell35_a,katibug817,oddworld2020,pauldereume,ragcha,realCheeto1,rjor1121,yoksig
1strongrobin,AlexaNielsen6,DoingJack,GrandpaSnarky,KelleyRose20,La_Bete_humaine,LadyKenai,LepapillonBlu,Persiflage77,RebelArt5,RitaMacMom,Winners786,bamableu,cokogay,cris_n3wy,curiousyummies,dindin6,hollytreat,humanist1960,jbm32753,noneejudi,oregon_resister,ragcha,sara2001noor,scrantonville,sergeivote,stayceespeaks,tekwhiz,yoksig
4jae_squad,BarackObama,JinMyDarling,Jisungs_paws,Kpopotato82,ScentofIM,Taecwinnu,Tatiyoh,VITAMlNCHOl,_dramaramaqueen,choronggie_luv,ddaalnim,dianetraan,fendimanjiaer,glossymarix,heewon_song,honeystyle1006,jackbummie94,jbsbbyboy,jjkmukbangs,kainuhh,loveIyjackjae,multijelli,nununon0,rockybyul,tokkibun,wonhoful,wonhwenee,zhxin214
XESBlAN,beaspectrum,dookieIwt,esnyIt,fallingotb,finezaynline,gaydragons,gldenlouis,gusnightngo,habitIou,hesdonny,heshawn91,indieroda,jetaimesingular,kalvaxsus,khaIidspirit,lesbocore,lookingIikeyou,louislittlesunn,onlythehabit,randradem,sabsingularlove,sapphicsbea,sknners,sunflwlouis,swiftfiIms,tellemcanolaa,thereforiou,transwheelers
DiLuaLovebook,aelinthrxne,annabiethchase,bazpeachy,bidebiscuit,bookbottom,boringirlx,cagethxdragons,flynnsrder,fromschnecke,ifxagustd,katesadgwick,lupnsmiled,medwsas,moonygb,nbsunflower,noorasadd,poemstairs,poetsxdante,popnrios,pynchiove,sithelsa,sixjuliet,steIaire,supergirlcomics,surto_infinito,uponstories,wisewitchgirl
AllMonLife,BY0UNGGIRL,CB97HERO,COSMlCSKZ,Carmemdada,HANLIGION,IzaMS7,Mooncomsono,aoihanaa,artslix,bunnyderx,chwolfiec,diishujinko,dizzymissLis,hyunjnw,imalalana,jaehyukiss,jooheonlogist,kihamzz,kihyunfleurs,lamonbeebee,luvckyun,thehoesense,unbaek04,unfortunatemx,voicewonho,wonnieverso,woonanx
AJiminMinion,Crazyshals,GiulyOT7ARMY,MOTS7PRINT,PJimindipityy,adorapjm,bangtify__,cooky_maya126,firstlovebts7,gguki_shi,hobiicola,ii_taehyung,insfiretheworld,kook_mytime7,microkosmus,mnynkng,peachyjinkoo,rosieluuvs,srslytaehyung,stoessbutera,taegiii24,taekoosoft,trashburrito,xoxokkun,xunviews,yanjun_8ge,yoonmiiniies,zeroclockth
4PFClark,BandgangDon42,DesignsByPeak,EmbiidIsAss,GoCubs49,JordanPooleWrld,JugglingDwarfs,K8rlo,KingCxrson,LobCityBlake,LockdownSimmons,NotAMook,PhillyWRLD,RyanKing_52,SerbianHooker,SnellSZN,YD3tro1t,_Ed87_,coresters,kikeseager,limitlessranget,miggywrld,pmabucks,sadsith_dani,shadereyes,thetreyinator,tonymorris1212,tylersramos
25Ishrat,DIZZYKOOK,DRUGKOO,Pietro_ACNH,RideChimny,SUGA_Shadow1,SimpForGod,Xilliann,Zahra_575,anGeljiMiny,angeIchuu,chimchimbabee,eternalyoongs_,g0ldenkth,ksjlocket,lustminyg,microkosmus,moni_man_R,pjmytimee,sprklykoo,swevenpjm,taehvungist,teawithkayla,teteinnerchld,thedaechwita,unusual_clown,vlavantae,woodzhui
AMANAEMONESlA,AsToldByNeon,HimboSissy,JaqueefMonsoon,MayoHell,bjorkasmr,burnrvbber,corporeals,crqnes,dieIikethis,drewstinbeaver,giubamio,goIfyang,hrhcoIIection,itscockroachbb,jxvintage,melldrama,mistermodular,mitski_stan,number1orbit,octatate,onlrlque,spicecooochie,teasmm,walkingbisexual,witerinthedark,yeosvt,yoncebIow
HamnnySenpai,KOUREN___,KROU_GEN,NAR00MIYA,Reinn_sama,Serndiptyy,areennnnnnnn,bbunnytaee,chimbaepsae,ctrlotsukare,decalcomaniajm,feverkook,gian_ito,gldnttv,gwangjuqueen_,honeyoombie,iwiwiwii,kdjyjh,kgrplns,killdahooo,kooksaaaa,kthvnte,miapaana,taeasdark,toastytaurs,vmnxoxo,vtmnkoo
4minkie,AllLoveHipHop,BoyInLob,C2testa,CEOofAlbums,CEOofTens,MINSINGULAR,ap3sh1t,asapweirdo,eboywluv,fromblueside,heat_squad305,iheartsosa,jadesjeon,jadeslocalclown,jinniehugs,jinsomnias,jkshoneybun,maadfantasy,marsiuv,miglikesmusic,mordecaisgf,stanot7forlife,twonugs,vhopejoong,yeezusweezy
GZokner,Gabybts_rm,HANLIGION,Hakonda,J0NGSANG,Lino_CB97,arthjisung,aybalva,bby3racha,cherryforseong,dreamyteez,fullsanlight,hywnjinho,jbwaifu,junseopoet,linotear,lolakeullain,loovegigi,lovsminho,maryvilhosa19,oksannie,piratexol,sweetfeliix,xbeingdihh,yeosaliling
9kempe,arixhc,barzcl,beauvillier,bradyskjeidy,cristal_guz,forborts,goblingoalie,gthreefive_,haileyyyyy05,jakedebrusk,joshballey,maddiepopla28,marcandrefieury,marissamets,natezuwu,nathzuru,nhImiranda,nhlcoyle13,nhlpstrnk,nvmjamie,ordinaryeffect,timnyr1,whatifnothng,zibanejcd
99XlAO,CabeyoKim,W3NJOY,akgaelisa,arcticjennie,callunium,cinnanmgirl,favsooya,jenlisasdaugh_,jenlisr,jennietake,jhopekooks,jisoovocalist,jkimeve,jnkluvs,jnkpink,laIisa96,rosefauIt,rosestochaeng,rosiepsycho,rosiesceo,rosiestans,ryujingirl,scandybp
AVEROSlE,RojeWater,Submit_ur_ass,alwaysrosiee,baetokkiseul,blackvelvetanti,eclipsrosie,jennies_gilagid,jiminiekissme,jisoosrosie,kjsthug,lalisaspurpose,lisadified,mz_rhea009,renesexual,roseyceo,roseypj,rosiecults,rosiesarcade,rosiesboo,sololololololoh,taysmoonchiId,thotlisaa,wrenchosen
ChrisMtz_16,IcemanCeddy,LGutan,Nicholas_ted33,Sarahesperanza4,TreiDontTweetIt,TseganeshP,_jayystarbby_,ayeeemelina,ccclovesu,christeague_,dasjaniclark,daziah_brown,ericgarika,evelyngarza911,greatwall_ofchy,htxjordo,isaiahhtrevino,jazzyjazz017,jessicahdz1d,kysthegoodhuman,sotrillkenny,thekendranewman
19fl1p,1stofthename,JIMINSENSEII,YawiliJacksonn,_ch_y__,_kkurona,gukksan,hyunjyna,hyyued,ilacxm,just_shvnice,khhinss,kihyun_bby,lolowithg7,minsikgirl,moonlightIover,pandahachiiro,ptasshad_es,rebecouillee,taerayonnante,thatcrzyfangirl,yawiliminsik,younghotrebeu
amolapmalik,beelkiis,clarakooker,drunkonyo,evylee_,gcfdisney,gsniuslab,jaybnow_,jikooiki,jikookepic,jimininhos,jmstrue,kooguki,mariatamris,mibtski,minsugxs,pdbyagustd,prittyvilar,repmyg,serejinpity,taemaki,vminkok
SeRichoices,aelinshryvrs,annadetails,chalametruly,dearvirtue,elorrcan,elsnotstupid,ifswylie,jadereign,laviebohemx,lordekrys,mrahcasillas,preciousnoany,quiteballad,sadieblanc,sebloswarrior,secretchamb3r,sooyajnk,thequeenarsinoe,towerofchaol,warnereign,zaynsart
LTHSSUN,StuartHeda,bravelouisoIo,cruelfalling,ewrvazouis,fallinforyoulwt,feelsmingi,hazzelfox,hesloving,houisyeh_,icarusbazzi,ljmcontroIs,louiegothic,louienrep,lovelymanheim_,lwtsuga,purple_bela,sweetnofya,vminartlarrie,wxlouiss,yooncuteass,zjmcanyon
24th_Doctor,24th_doctor,BathysphereHat,InkblotTheExile,SoulOBrass,The_Slavsquatch,agnosticnixie,ai_valentin,bloggingbanshee,chaserdickinson,fiddlersgreen92,hannahselector,jara_films,justin_drabek,katiearoman,ladydottiewine,loudpenitent,mkmcbrayer,neardeathdolls,ryanlarson,schafer_gray,thebrianmcnatt
JahmyaMoody,LindsSwiftJenna,MalessaH,NicolesArtem,NpLegacy,berstenbenae,chigvintsen,chopraskaif,dancermichelle8,dancesjolex,dwts_babe,dwtsbach,dwtshattie,gimmemoredirrty,itsaryannaa,joejordan150,prismaticjonas,priysangel,spobycabello22,suckersforjonas,thatgirllaceyx,trobedsknope
aelinthrxne,anniewapercy,bazpeachy,bazwminyard,cagethxdragons,cudesaia,feelsreddie,fromschnecke,ifxagustd,iniazart,judefrancs,katesadgwick,leestairs,loverspynch,mingicentrist,nicoanjo,poetsxdante,popnrios,snowygallifrey,suckmygansey,zaynpoetries,zjmrvrd
4a_of,BLUE_W0LVERINE,KenobiCheated,Scott_5D,Wikweko,cokogay,cris_n3wy,dindin6,doxie53,forwardarc,idespisegqp,michelle_spenc,pauldereume,ptwantsjustice,ragcha,sara2001noor,sergeivote,tekwhiz,vegix,wycked_yum,yoksig
116mrk,ABrokeMultiStan,ATEEZ1OF1,LovebotNct,THEFILTEREDMOON,aertaenus,astralyuta,curiositykth,dreamjens,frogggss,gotbangtanwhore,jhnsuhh,jinguini,luvgodjihyo,nakamotics,nmgisk,northyucks,parkyourjimins,ryug1n,stonersuh,yeokika
AMPMTALK,AndyPadrutt,BlkSantaX,DoingJack,JamiJm,KelleyRose20,MagicMark9,NancyMo268,PPersnickety,PetraMcCarron2,SDDNP,bluewaverider46,cris_n3wy,customcore7,fake_biden,idliva,karel60524954,pauldereume,phinandme,rr7lv,yoksig
99ckys,bangguik,biaswreckersan,bokunomonsta,bunissodan,changgsu,chansunng,gyoozis,jinsouliza,jnwxphire,kevnanti,lovedriunk,niehwaisang,shinwoniest,skyugy,theboyzmanager,tinyIix,withikoniq,woodzmino,yunhophobia,yutazenr
0nIyTheBrave,JinMyDarling,VITAMlNCHOl,aphrflwer,bookishwum,daislloway,douxbaek,fireaelin,iinejghafas,jbsbbyboy,jjkmukbangs,kaztreasure,lostfairchild,loveIyjackjae,manorialing,multijelli,peachsephone,swiftiereads,tbzmiracles,theravenjosten,vegasdarcy
20CMKOO,blushynotes,dulcetkv,enbyguk,fairieyoongs,filtrmyg,gcfsnight,gftpjm,guksdior,jimbleina,jiminertia,kjsthug,luv4jinnie,mjjyjjs,pinkspluto,rosieposie_chu,seokinnies,vantecre,wlwsoul,yunadior
MIYOUNGLORY,SoshiOneLA,bfkuto,dwnghun,fanyxmin,haruyyoshi,hyunwooest,i4spearb,jiessicas,jinrisrad,jiyeonscafe,junxhyu,luvseulrene,smilestraykids,softyjungie,sooyerong,sunggiie,taenyseul,yulkcl,zhoumitang
_brookemars,aelinfeelings,aelingalathys,aelthynius,alyussana,blameselena,brekkerheart,chaoltowers,enna_cs,heirsmanon,hollantsov,kazbrekk3r,nazyalenskyz,neviocarIotta,nicodiaangelo,notluanayey,poemagias,westfaellin,zoyalanstov,zoyastorm
amoascasadas,babizocaf,blurryluma,bravelouisoIo,cIaireinred,ewrvazouis,fallinforyoulwt,favlydia,fueledbyjoshler,fwllsaway,icarusbazzi,josh_kunn,louienrep,lovelymanheim_,myrunandgo,pilotsmylove,sahlobandita,sheromens,strwbrryboy,sweetnofya
BoogSciambi,DShulman_ESPN,DickieV,LottOnBaseball,ReceDavis,ScottyMacThinks,Sid_Seixeiro,SiddallJoe,Sportsnet,SteveLavin64,espn,espnbob,hughwburrill,justjoeylopez,karlravechespn,mikegentile590,mikezigomanis,tim_micallef,wilnerness590,zandoyle_
0magical,Chocotgyun,F4IRYYOONG1,Hal2302,Hopeworld_30,Mylittlemochii_,Park_Juleen,The_staers,_jingerly,bangtlayudas,dArmyNF,diavolxs,gotsla0808,hseoksoup,hxbii_,mingilberto,minhocutekitty,sweetiecoldie,wintaernight,xexequiel_x2
5sope,KAIFYEON,agustd3vil,angelicalpilots,beaugoo,byhobii,didinhaakk,ggukturn,ggukvenus_,hobierotic,jeondtaiI,jiminharola,julestheworldd,knjmoonstar,nikkhiems,pjmcoId,seokiearth,strwngerfinn,whytothis
angryIesbian,bigboipyo,callmebiskatya,gallowscalib8or,glebvaganov,honeykzamodl,iceliastjames,imxthay,marvellookhere,natsjemma,nnovabyers,percybluefood,pinnkladies,roadtohellii,sluttyzamo,squirrellycurly,thompsevan,wlwellie
DI0RTK,decaIkoomanie,gcfairycub,jimifairry,jiminismybaeee,jjkv__,jkscharm,kitty_ddaeng,lovcharm,mimifuls,minalovely93,peachyytetee,pianistyoongs,pixxels_bangtan,softboikoo,st4rryminie,sti8ma,yoonsanslight
98_HWAURORA,Gabybts_rm,IMwolfgirl,Silencyy,atimybebe,cherryforseong,cuIturewoo,dreamyteez,fullsanlight,galaxwoo,ifsjoongie,jhopestalker,junvIog,lovelyluciama,monoplaylistt,oksannie,tulipsjay,woochulips
JEONCCHIATO,JVNGISM,PAINTJMIN,ahemsuga,baeksvenus,chuflr,glxssrm,hobifiirts,hoseokie9901,jeoncchiato,junslt,kithnj,outrlost,sunniseok,trivia_mang,ursajoon,wndrjun,wonhbi
9kempe,barzcl,beauvillier,bradyskjeidy,cristal_guz,forborts,gthreefive_,haileyyyyy05,jakedebrusk,joshballey,maddiepopla28,marcandrefieury,nhlcoyle13,nhlpstrnk,ordinaryeffect,timnyr1,whatifnothng,zibanejcd
420PhotoCrook,420_bike_life,420photocrook,BeaconHillFolks,CRTCeng,CityOfVictoria,ClanPatrols,JeremyLoveday,PovReductionBC,SarahPottsH,VanIslandHRC,adequatehousing,deardubow,photowarrior,police_canadian,self_govern4us,vicpdcanada
LaurenAmicone,bts_adri46,btsmakesmesad,denialovesbts,jmnlovelyboy,koomanic,koostzu,lolvmin,mapofthehope,namjoonsmuIIet,oncestarbit,viakth_,vminhands,vminsmyg,vmintine,vminuna,vmnlover
343jillia,CUPIDNBHD,aIyanawaz,averyapro,blazedthirlwall,hopemiklsn,influencelilia,jackieszel,justinebuckleya,liliasjillian,megdonnellys,muyguapajuls,omarftaron,or4ngeju1c3,wilsonshaider,yeobsf,zlggyberman
delicateolivia,livsgolden,loveylivv,moonstarnini,n0ahczerny,ninisalrobz,oIiviasroses,obrienhollandss,obrwden,playboychlo,poguesrigo,realangieee,sapphicsiIena,sapphicus,secreels,sofswyIie,upinfairytales
ASTROLERT,Ieorrio,YIBOHOLlC,agustfuI,aloneintokio,beidouimmortal,citymoths,eboytae,enciodas,infern0hs,k1lIua,metallicanero,mo_onbins,nightrayes,oki7a,sanIangs,sephislut
Blklivesmatter,EU_Commission,FlGidena,JosepBorrellF,JustinTrudeau,KamalaHarris,POTUS,SenBooker,UN,UNHumanRights,UNOCHA,antonioguterres,defund_genocide,hrw,kahsay9,meklittn
COUPSDETATX,badbvddy,defscenario,donghyukhei,flwryu,hopesoulete,jokesuke,leviohno,lilimoncino,prdsd4na,saturnsdef,shadow16_,sk8eryibo,uptothemewn,wwxscvlt
0ohcartier,ASAPIntern,FKATesfaye,Sam_of_Salsa,_RepShady,bIuewrld,cakevstheworld,camewitthefetti,davidisaway,excuserocky,kissingppink,liquidslatt,poorlifestylez,problemzgatme,talking_rap
97jungkooky,Nikii9125,OneTruPrincess,anybananie,atinyaroura,covveen,grapeberryjoon,innienation,jehyunsmeerkat,kpopallforone,niniyangs,odetochannie,scribblekoo,yuchanlix
flowers4sung,ggukburn,gui_ingrid_ga,hobispicy,joohyunluvs,ktaefly,macityjkth,min__gguk,mysailorbin,pjmultimate,sraBts5,sweetzgukk,thyevante,yeocb97
BWhittam,DavidDeGraff5,KGUROmd,LarisaNonn,PCuroMD,RoboDuke1,h_alahmadie,hbzaid,jmzilla,kellystratton,kocheruro,mmgrabow,patelsg1,urojdr
1strongrobin,GrandpaSnarky,PaulDereume,armada_jasonv,bmcarthur17,doxie53,idliva,johnny_queer,kellabel,pauldereume,ptwantsjustice,seacreaturemama,yoksig
1bastardmemer,BTSlNCERE,Opal7Jimin,_purpleshark,ctaerl,devileyey,hobiicola,httpwhalien,jiminsgrapes,respect_seven,triviafairie,vkookgene,wklyjiwoo
AngelaBelcamino,BarackObama,PressSec,itsJeffTiedrich,jewell_taft,lesleyabravanel,muslimban2,politicalant,realDonaldTrump,soloyochapin,sweetmama110,vetsassembly
Dani6064,_mxchangkyunie,evvri_rks,iwuvkimtaehyung,jiminschorizo96,kyunfairie,monxharu,norrbebe,oxytyramin,plutaenium,starlitvmin,vhopeside
DEVlTTS,baberollins,bayleysodie,chanceosadness,iovelsx,kctharington,lilrjunlimited,longliveswift16,rondarouseyszn,themarvemarv,wwezigglerguy,xReigningEmpire
FlyingJKDoll,Vs_Winter_Bear,communistynkk,funkytownangel,hobiicola,jjeonmins,jkyoongs,mnjoonsope,rvvnboo,starlightinked,yoonsflirt,zZztaehyung
armydvm,bunbun_koo,chimchimxot7,gabbygoodface,jkookie195,ka_epiphany,lheaslibrary,librarianarmy13,pianofirstlove,seesaw_wings,springdaywifey,sunshinechimm
Ieeknow_w,gcampoverde89,izonevelvets,j_1sun9,jieunayru,mirohschan,oranjisung,seungmims,skzfairies,sunminsung,zimzalabitsh
DearMaidy,anniercy,caksnffe,ffcklovers_,hawkeyeswift,mafeezinhaaa,newromanticsby,redheadcarrots,viana_raianne,waltrbishop,youngdaisys
Iixtendo,LUVBALLADS,hanfIirts,hynilix,iuftsuga,jhopecore,jksorbit,linoqlindo,poeticzustice,unleashobi,zearview
IntlCrimCourt,ScewTaks,UN,beri_fonteh,hrw,ilariallegro,innochia,joshbunyuy,menchumfalls,realamadioha
JoeBiden,LawEnforceToday,MeidasTouch,ProjectLincoln,jewell_taft,kylegriffin1,mmpadellan,nytimes,realDonaldTrump,soloyochapin
jsfiowers,kazgloves,lisooyajr,minjiupiter,neojwpiter,pwrsaturn,serenecz,seuldior,spidermiyeon,y3rlmiese
95pjmluv,arthjisung,articjen,hwangchaotic,i4bin,jeonginiverse,koogiult,staytion9,straylogia,taegallaxy
BubbleJimie,eutaeria,fIwrjk,jooniestan_98,knjseuls,kthfIower,pinchepjm,sunsitae,sxnshinetxe,vminsalien
AfroJ15,Anitaboop04,Dianamra8,EyraEnid,OmiSinFin,_pandamia,jeanniie5,naytiva,nicole_alcazar7,noemr13
ABarrMLA,AusFedPolice,EY_Australia,Erambiboy,Watershedd,WiradjuriW,actgovernment,blakandblack,kellycontad
amybrookheimer,brittanaspress,capsauerbrunn,dmadlame,kmewisfc,laurencheneysfc,ponktonkr,wosovibez,yoursdaly
ExeTacosuke,NookStan,edgeworf,eggworst,grayghcst,lanamias,shizuekuranushl,silly_chaotic,spadeprincesss
Fujitatsuu_,SHKJDMI,aksir_melodyy,chaesongholic,janqyeoul,kimindae21,mincorang,semuhyiii,sikkienana
AOC,Kpopotato82,OfficialMonstaX,ScentofIM,haezthetic,hyungwut,rayveee_,springrain95_,steffraven
BunnyHoneySama,ElliKyunn,bucketofcram,charlelelelette,froggman_,hoboogieman,marauderfitz,miiamiipng,uhescope
anycharm,anyversace,forularina,ifbeauchmp,joalinfacts,joshmendxs,noshinanyfavs,nowxmendes,sabinartsy
1strongrobin,BotsyDevos,Go1337Go,GwenithW,Henness87,gifra1969,hollytreat,humanist1960
DecloSsb,UpTiltGordo,anemersi,buff_ssbu,claire_foy,kukuranga_,ubermadman_ssb,xJadynwolf
AnnaRitaa208,DaayyLima,eikatthy,itsninha_,jennifersthefa6,larinhacomenta,larinhalaraoo,lili_muju
AsstSecStateAF,NRC_Egeland,RepKarenBass,StateDept,cnkamngo,pabiedu1,realamadioha
Lissthesassy,NotToday0299,NstyWmnWendy,Tam_Resist,VABlueBelle18,bodhisattvakat,mama_hipster
S4KUMAS,byulstwit,ifvtaes,lovingloveline,ninqzhan,rensabiyuu,thoryvo
C_hazz266,DarkKageXL,Deathcrank94,ItsKunoo,bloodysher,c_hazz266,marvellousfey
ElisaBostwick,LaRaeWhitely,LaVonnaRoth,TMus_Ed,bethhill2829,drjstephensvp,hayes_melisa
beaupoettry,favchenji,gyuhit,kingqian_kun,leedefjun,qiansIut,sehunwinks
HANMYTHS,atlanticsuh,bbangnat,jeonginiverse,pakrjiminz,seataeil,vmpoesie
BLMLA,Blklivesmatter,OmnaTigray,SWTigray,ggebre,meha203
71ltys,O2__05,WAYVMINS,YIBOCHEEKIES,cintaewithme,kickityong
exidpop,hoboogieman,jenpcys,jintypes,soljisdreamer,y0uforias
GOP,POTUS,WhiteHouse,citizenrosebud,jphoganorg,realDonaldTrump
Acosta,CNN,FoxNews,andersoncooper,cantbesilenced1,mikey2go
Inkvenger,bunnibash,clambatch,friedegge,shrimbus,yearwalkingg
AMPMTALK,REDGRRRL1,Silenced777,YetiEye,reglissade,tekwhiz
anniercy,brunabaad,gIoriends,ravenclawchase,xspiderholland,youngdaisys
TheActualCel,_AsianTaco_,bnicole_lewis,buffberrie,lostbluejay,surenliciousart
UN,antonioguterres,josephsenyonjo3,katongolesc9,nicustefanuta
brokenangelk19,crazyseidj,ddaeng713,yooongistongue,yourelovedbeyou
CarlyJA22,TemeculaRises,american2084,customcore7,wycked_yum
byunirie,ellasecrets_,junmytata,munslights,standojongin
