community_0,community_1,community_2,community_3,community_4,community_5,community_6,community_7,community_8,community_9,community_10,community_11,community_12,community_13,community_14,community_15,community_16,community_17,community_18,community_19,community_20,community_21,community_22,community_23,community_24,community_25,community_26,community_27,community_28,community_29,community_30,community_31,community_32,community_33,community_34,community_35,community_36,community_37,community_38,community_39,community_40,community_41,community_42,community_43,community_44,community_45,community_46,community_47,community_48,community_49,community_50,community_51,community_52,community_53,community_54,community_55,community_56,community_57,community_58,community_59,community_60,community_61,community_62,community_63,community_64,community_65,community_66,community_67,community_68,community_69,community_70,community_71,community_72,community_73,community_74,community_75,community_76,community_77,community_78,community_79,community_80,community_81,community_82,community_83,community_84,community_85,community_86,community_87,community_88,community_89,community_90,community_91,community_92,community_93,community_94,community_95,community_96,community_97,community_98,community_99,community_100,community_101,community_102,community_103,community_104,community_105,community_106,community_107,community_108,community_109,community_110,community_111,community_112,community_113,community_114,community_115,community_116,community_117,community_118,community_119,community_120,community_121,community_122,community_123,community_124,community_125,community_126,community_127,community_128,community_129,community_130,community_131,community_132,community_133,community_134,community_135,community_136,community_137,community_138,community_139,community_140,community_141,community_142,community_143,community_144,community_145,community_146,community_147,community_148,community_149,community_150,community_151,community_152,community_153,community_154,community_155,community_156,community_157,community_158
500womensci,2Shayzz,1stKiersten,1strongrobin,AmberRajen,AirMax1963,CMcCabeWCPSS,01000011CS,BricksandHeroes,1stKiersten,AGuyNamedMacks,AriaOlumiMD,Alfie_NUFC,NotSoNu0618,221BadWolf,BABYL0L0,Alaa83080665,5yexe,Alfie_NUFC,1strongrobin,AlvarezHashi,AlpinePA,BurrisSkip,1mmortalSpartan,5yexe,AndrewLivengoo1,6ogol,501benji,ARSB0Y,412champs,Indasa12,AGuyNamedMacks,4a_of,BlueandSalty,AustralianLabor,AngelOsuagwu,Alex_Gardner21,Quinty_official,AFROKOBE_,ATrumpest,BTSundus,BLCKLlGHT,AM22_22,Bukss__,BLCKLlGHT,EXOBETCHA,AFCTempo,1004coups,A_isbomb,97busanjjk,12WCV,CryingCrows1,0hae_vibes,BELASHAD0W,Baiuwu,ALWAYSAQUATIC,BlkSantaX,AMPMTALK,BugCatchMookie,Annawastaken,BobaTzuyu,ConfedofLunches,1strongrobin,4jae_squad,XESBlAN,DiLuaLovebook,AllMonLife,AJiminMinion,4PFClark,25Ishrat,AMANAEMONESlA,HamnnySenpai,4minkie,GZokner,9kempe,99XlAO,AVEROSlE,ChrisMtz_16,19fl1p,amolapmalik,SeRichoices,LTHSSUN,24th_Doctor,JahmyaMoody,aelinthrxne,4a_of,116mrk,AMPMTALK,99ckys,0nIyTheBrave,20CMKOO,MIYOUNGLORY,_brookemars,amoascasadas,BoogSciambi,0magical,5sope,angryIesbian,DI0RTK,98_HWAURORA,JEONCCHIATO,9kempe,420PhotoCrook,LaurenAmicone,343jillia,delicateolivia,ASTROLERT,Blklivesmatter,COUPSDETATX,0ohcartier,97jungkooky,flowers4sung,BWhittam,1strongrobin,1bastardmemer,AngelaBelcamino,Dani6064,DEVlTTS,FlyingJKDoll,armydvm,Ieeknow_w,DearMaidy,Iixtendo,IntlCrimCourt,JoeBiden,jsfiowers,95pjmluv,BubbleJimie,AfroJ15,ABarrMLA,amybrookheimer,ExeTacosuke,Fujitatsuu_,AOC,BunnyHoneySama,anycharm,1strongrobin,DecloSsb,AnnaRitaa208,AsstSecStateAF,Lissthesassy,S4KUMAS,C_hazz266,ElisaBostwick,beaupoettry,HANMYTHS,BLMLA,71ltys,exidpop,GOP,Acosta,Inkvenger,AMPMTALK,anniercy,TheActualCel,UN,brokenangelk19,CarlyJA22,byunirie
54kdoctors,605Schmidty,1strongrobin,4a_of,CBrollies,ChrisMcKeown96,CounselorHCreek,3wombats,CCortave24,4a_of,Blue70517,BisonLegend,Bernardo_SZN,PRODK00K,APabloIsForever,Big_Gundy,Angel_Stockler,BaylordYama_,Bernardo_SZN,AMPMTALK,Applelaw1Sandra,AnkurKalraMD,CareyAnders1,Aimz_1987,BaylordYama_,Bells_Brainiacs,Ianzzhan,85HotSmartChick,ASH1SLAND,BeingTheEIite22,NAMGlGOD,BigHec217,ArresthimNow,BrillMann,CartwheelPrint,CHRISTIANAH_,Bmore_Sports8,RealSamuelX,Annnoying10005,BlkSantaX,EpicMahonelover,FL0WSN0TGREAT,AWKWORDrap,DaddyStanley_,FL0WSN0TGREAT,EXOJKYLL,AnthonyMartial,HaoVue,F3moji,SEOKHIP,1stKiersten,DocFake,0haewuff,MICDROPBECKY,JEN0MILE,SrtaOmegaKim,JamiJm,BlkSantaX,CraigMaster,JAYNOTFOUND,H940PE,Duke_of_Phale,AlexaNielsen6,BarackObama,beaspectrum,aelinthrxne,BY0UNGGIRL,Crazyshals,BandgangDon42,DIZZYKOOK,AsToldByNeon,KOUREN___,AllLoveHipHop,Gabybts_rm,arixhc,CabeyoKim,RojeWater,IcemanCeddy,1stofthename,beelkiis,aelinshryvrs,StuartHeda,24th_doctor,LindsSwiftJenna,anniewapercy,BLUE_W0LVERINE,ABrokeMultiStan,AndyPadrutt,bangguik,JinMyDarling,blushynotes,SoshiOneLA,aelinfeelings,babizocaf,DShulman_ESPN,Chocotgyun,KAIFYEON,bigboipyo,decaIkoomanie,Gabybts_rm,JVNGISM,barzcl,420_bike_life,bts_adri46,CUPIDNBHD,livsgolden,Ieorrio,EU_Commission,badbvddy,ASAPIntern,Nikii9125,ggukburn,DavidDeGraff5,GrandpaSnarky,BTSlNCERE,BarackObama,_mxchangkyunie,baberollins,Vs_Winter_Bear,bunbun_koo,gcampoverde89,anniercy,LUVBALLADS,ScewTaks,LawEnforceToday,kazgloves,arthjisung,eutaeria,Anitaboop04,AusFedPolice,brittanaspress,NookStan,SHKJDMI,Kpopotato82,ElliKyunn,anyversace,BotsyDevos,UpTiltGordo,DaayyLima,NRC_Egeland,NotToday0299,byulstwit,DarkKageXL,LaRaeWhitely,favchenji,atlanticsuh,Blklivesmatter,O2__05,hoboogieman,POTUS,CNN,bunnibash,REDGRRRL1,brunabaad,_AsianTaco_,antonioguterres,crazyseidj,TemeculaRises,ellasecrets_
AcademicDilemma,6shawdee,3rd_sage,AMPMTALK,ChrisMcKeown96,CoachBurton13,DrSandyChambers,ALS_NSWACT,Daya_5h,99ermikeb,CaribbeanLovely,Blahut174,BurrGoes,STARSCHAE,AfroBoPeep,Camelliaaa__,BP_Maroc,Doragontoko,BurrGoes,AndyPopeInTheW1,BLUE_W0LVERINE,BoggildLab,DrChoueiri,And_She_Said_1,Doragontoko,BenCline18,Iesbianastro,BellahJosie,BooksFlynn,BreesusWRLD,_whaIien,BrittanyMarie0x,BLUE_W0LVERINE,Caryn_Brooklyn,DanTout,CanonKiing,DOMIN8TRIXX,STILLTHERULES,BeanElite,BrendaBalazs,K00K0RE,G0DSPlT,Askewtie666,Feranmi_wole,G0DSPlT,PUSSYIXlNG,DanMcNeice,IfWonu,JeonsJahan,akwza,99ermikeb,ERnurse86,HaeWooxx,Uuguinho,SANRlOBTS,aquatisc,KelleyRose20,CarlyJA22,DanJayMmkay,PlGRANK,MessyYuh,IDLIVA,DoingJack,JinMyDarling,dookieIwt,annabiethchase,CB97HERO,GiulyOT7ARMY,DesignsByPeak,DRUGKOO,HimboSissy,KROU_GEN,BoyInLob,HANLIGION,barzcl,W3NJOY,Submit_ur_ass,LGutan,JIMINSENSEII,clarakooker,annadetails,bravelouisoIo,BathysphereHat,MalessaH,bazpeachy,KenobiCheated,ATEEZ1OF1,BlkSantaX,biaswreckersan,VITAMlNCHOl,dulcetkv,bfkuto,aelingalathys,blurryluma,DickieV,F4IRYYOONG1,agustd3vil,callmebiskatya,gcfairycub,IMwolfgirl,PAINTJMIN,beauvillier,420photocrook,btsmakesmesad,aIyanawaz,loveylivv,YIBOHOLlC,FlGidena,defscenario,FKATesfaye,OneTruPrincess,gui_ingrid_ga,KGUROmd,PaulDereume,Opal7Jimin,PressSec,evvri_rks,bayleysodie,communistynkk,chimchimxot7,izonevelvets,caksnffe,hanfIirts,UN,MeidasTouch,lisooyajr,articjen,fIwrjk,Dianamra8,EY_Australia,capsauerbrunn,edgeworf,aksir_melodyy,OfficialMonstaX,bucketofcram,forularina,Go1337Go,anemersi,eikatthy,RepKarenBass,NstyWmnWendy,ifvtaes,Deathcrank94,LaVonnaRoth,gyuhit,bbangnat,OmnaTigray,WAYVMINS,jenpcys,WhiteHouse,FoxNews,clambatch,Silenced777,gIoriends,bnicole_lewis,josephsenyonjo3,ddaeng713,american2084,junmytata
AcademicParity,ADShariefHashim,99ermikeb,ArresthimNow,CraftyNSparkly,CoachFore,HeatherForWake,BakchosGlass,FILMSBYJILL,BrendaBalazs,DavKind76,CScott60kg,DIMITRlNHO,VANTElNC,AnnaPernigo23,CarterSmith25,Bella_Ely_,FlowSantana1,DIMITRlNHO,BlkSantaX,Back_dafucup,CardiacPA1,DrSGraff,DiaDiGiovanni,FlowSantana1,BloomerSTEAM,LHyunjjn,Bill20859071,SOULMARK_,CarusoDaLegend,agu_ust,DavKind76,DJZJCZ,Good_Ole_Bebs,Earth1stlinda2,CrowderSzn,Doubleaajay,adoreyeu,BonnyWabbit,KelleyRose20,KILLUAK00,HlSALPHA,BigMig78,Haeseven,HlSALPHA,PrinceOfDCrown,GaIIese,SUHG4Y,Natasha___7,cryinfections,AP,EXPELincels,Istrinyasiwon_,WingsJa,angeIhyucks,baekfeminist,LanceUSA70,ConnieG1025,DiajehM,ROYALPlG,Mixer_US,JamiJm,GrandpaSnarky,Jisungs_paws,esnyIt,bazpeachy,COSMlCSKZ,MOTS7PRINT,EmbiidIsAss,Pietro_ACNH,JaqueefMonsoon,NAR00MIYA,C2testa,Hakonda,beauvillier,akgaelisa,alwaysrosiee,Nicholas_ted33,YawiliJacksonn,drunkonyo,chalametruly,cruelfalling,InkblotTheExile,NicolesArtem,bazwminyard,Scott_5D,LovebotNct,DoingJack,bokunomonsta,aphrflwer,enbyguk,dwnghun,aelthynius,bravelouisoIo,LottOnBaseball,Hal2302,angelicalpilots,gallowscalib8or,jimifairry,Silencyy,ahemsuga,bradyskjeidy,BeaconHillFolks,denialovesbts,averyapro,moonstarnini,agustfuI,JosepBorrellF,donghyukhei,Sam_of_Salsa,anybananie,hobispicy,LarisaNonn,armada_jasonv,_purpleshark,itsJeffTiedrich,iwuvkimtaehyung,chanceosadness,funkytownangel,gabbygoodface,j_1sun9,ffcklovers_,hynilix,beri_fonteh,ProjectLincoln,minjiupiter,hwangchaotic,jooniestan_98,EyraEnid,Erambiboy,dmadlame,eggworst,chaesongholic,ScentofIM,charlelelelette,ifbeauchmp,GwenithW,buff_ssbu,itsninha_,StateDept,Tam_Resist,lovingloveline,ItsKunoo,TMus_Ed,kingqian_kun,jeonginiverse,SWTigray,YIBOCHEEKIES,jintypes,citizenrosebud,andersoncooper,friedegge,YetiEye,ravenclawchase,buffberrie,katongolesc9,yooongistongue,customcore7,munslights
AnnMCairns,AggenMichelle,ATrumpest,BLUE_W0LVERINE,CrowderSzn,CoachGerlich,HortonsCreekES,BethanyinCBR,HassanHamid26,JoshuaPotash,EllisMbeh,CarolynBestAUA,ElimadAidan,all4ateez,BRCHeaven,Cayce2Turnt,Cassandra_Jully,FourYuno,ElimadAidan,BrendaBalazs,BigPixieKiss,ChaseSamsel,ERPlimackMD,DrAnneKnowle,FourYuno,Burt_Batten,S4KUMAS,ComesAnnemarie,arttsan,ChachaDarth,bffienamu,EllisMbeh,DawnandKevin1,HACKEY17,FatherBob,EmekaTheGreat16,EliteRob2914,aelinfeelings,BryMontana,LepapillonBlu,RSPCTKNJ,IovepIay,BrillMann,Leon_TheGodSon,IovepIay,SN0WFAKE_,GymIad,VEAUTlFUL,S3V3N_Anpanmans,cryinred,AllaireFl,Falconer084,RyeowooksThighs,bangtanssense,angiseok,ceokjm,LepapillonBlu,Gr8fulchik2,DreenAlyse,SKFPPY,OT7babess,KelleyRose20,KelleyRose20,Kpopotato82,fallingotb,bidebiscuit,Carmemdada,PJimindipityy,GoCubs49,RideChimny,MayoHell,Reinn_sama,CEOofAlbums,J0NGSANG,bradyskjeidy,arcticjennie,baetokkiseul,Sarahesperanza4,_ch_y__,evylee_,dearvirtue,ewrvazouis,SoulOBrass,NpLegacy,cagethxdragons,Wikweko,THEFILTEREDMOON,JamiJm,bunissodan,bookishwum,fairieyoongs,fanyxmin,alyussana,cIaireinred,ReceDavis,Hopeworld_30,beaugoo,glebvaganov,jiminismybaeee,atimybebe,baeksvenus,cristal_guz,CRTCeng,jmnlovelyboy,blazedthirlwall,n0ahczerny,aloneintokio,JustinTrudeau,flwryu,_RepShady,atinyaroura,joohyunluvs,PCuroMD,bmcarthur17,ctaerl,jewell_taft,jiminschorizo96,iovelsx,hobiicola,jkookie195,jieunayru,hawkeyeswift,iuftsuga,hrw,jewell_taft,neojwpiter,i4bin,knjseuls,OmiSinFin,Watershedd,kmewisfc,grayghcst,janqyeoul,haezthetic,froggman_,joalinfacts,Henness87,claire_foy,jennifersthefa6,cnkamngo,VABlueBelle18,ninqzhan,bloodysher,bethhill2829,leedefjun,pakrjiminz,ggebre,cintaewithme,soljisdreamer,jphoganorg,cantbesilenced1,shrimbus,reglissade,xspiderholland,lostbluejay,nicustefanuta,yourelovedbeyou,wycked_yum,standojongin
AshaEveryday,AlykhanKR,AlexaNielsen6,BrendaBalazs,HerciMerci,CoachJBurton,JackieB_Ellis,CapesJoy,IisafIrt,KelleyRose20,FlightAV1,Cepp125,FPLMatthew,beatingonbars,BillyRocks_13,Domoxthegreat,Cathhewat123,GhibliGal,FPLMatthew,CarlyJA22,BlkSantaX,ChaseTMAnderson,EnriqueSoto8,ExposingBigotr1,GhibliGal,CMcCabeWCPSS,akaahis,Dannielle820,bcrkhart,CheeseheadBrett,boysruin,GameOfAnt,KLGLASS2,JasonNotEvil,GHillosopher,JadHustler,Hennessy_God,alliehayxs,Butterfly_424,Missin_Florida,TAEHYUNGGOODBOI,STALKEDWHORE,CarolynLinder,MiracleBolaji,STALKEDWHORE,TWICEXOluvs,InvertedFWD,VOBOSTUDlO,Taeularity,damngirlsxx_,JBK11,Hitchy_,brunbrunzz,btshallow,bubblyhyuka,exopalette,MDomino07,GulliAz,ExtremePhant0m,SkeppysMom,ariadegrandwall,KingRezizt,La_Bete_humaine,ScentofIM,finezaynline,bookbottom,HANLIGION,adorapjm,JordanPooleWrld,SUGA_Shadow1,bjorkasmr,Serndiptyy,CEOofTens,Lino_CB97,cristal_guz,callunium,blackvelvetanti,TreiDontTweetIt,_kkurona,gcfdisney,elorrcan,fallinforyoulwt,The_Slavsquatch,berstenbenae,cudesaia,cokogay,aertaenus,KelleyRose20,changgsu,daislloway,filtrmyg,haruyyoshi,blameselena,ewrvazouis,ScottyMacThinks,Mylittlemochii_,byhobii,honeykzamodl,jjkv__,cherryforseong,chuflr,forborts,CityOfVictoria,koomanic,hopemiklsn,ninisalrobz,beidouimmortal,KamalaHarris,hopesoulete,bIuewrld,covveen,ktaefly,RoboDuke1,doxie53,devileyey,lesleyabravanel,kyunfairie,kctharington,jjeonmins,ka_epiphany,mirohschan,mafeezinhaaa,jhopecore,ilariallegro,kylegriffin1,pwrsaturn,jeonginiverse,kthfIower,_pandamia,WiradjuriW,laurencheneysfc,lanamias,kimindae21,hyungwut,hoboogieman,joshmendxs,gifra1969,kukuranga_,larinhacomenta,pabiedu1,bodhisattvakat,rensabiyuu,c_hazz266,drjstephensvp,qiansIut,seataeil,meha203,kickityong,y0uforias,realDonaldTrump,mikey2go,yearwalkingg,tekwhiz,youngdaisys,surenliciousart,,,,
BarbaraFantechi,Angel_Whetstone,AllaireFl,DawnandKevin1,JadHustler,CoachKJLee,JamesOverman,CartwheelPrint,J00NPRNT,KikiAdine,GameOfAnt,Coach_DePalma,FPL_Scofield,busanbarbie,CyrusMMcQueen,G__Font,Citibank,LexyBoo555,FPL_Scofield,Gr8fulchik2,BlueR00n,ChipSBowman,ErikaHamilton9,Gammon_Basher,LexyBoo555,EmmyKenner,catboykenma,Darth_Pingu,cavrtown,CrowderSzn,comfysugamon,Hamanicart617,KenobiCheated,KLM_Wolfmama,JacyntaKrakouer,K8rlo,JLCH303,astoronan,ChrisHs22,PetraMcCarron2,aesthetic_jessi,algaxaraz,Dannysuede7,MiwaEkanem,algaxaraz,artsbaekho,MartiaI9,btstonks,Tifimafi,diornisus,Missin_Florida,IDreamOfNinja,cheesedemarco,btspopstan,cutedoki,exowarning,PetraMcCarron2,LanceUSA70,EzCarnage25,WholesomeSkepp,arianaxgng,MDomino07,LadyKenai,Taecwinnu,gaydragons,boringirlx,IzaMS7,bangtify__,JugglingDwarfs,SimpForGod,burnrvbber,areennnnnnnn,MINSINGULAR,arthjisung,forborts,cinnanmgirl,eclipsrosie,TseganeshP,gukksan,gsniuslab,elsnotstupid,feelsmingi,agnosticnixie,chigvintsen,feelsreddie,cris_n3wy,astralyuta,MagicMark9,chansunng,douxbaek,gcfsnight,hyunwooest,brekkerheart,fallinforyoulwt,Sid_Seixeiro,Park_Juleen,didinhaakk,iceliastjames,jkscharm,cuIturewoo,glxssrm,gthreefive_,ClanPatrols,koostzu,influencelilia,oIiviasroses,citymoths,POTUS,jokesuke,cakevstheworld,grapeberryjoon,macityjkth,h_alahmadie,idliva,hobiicola,muslimban2,monxharu,lilrjunlimited,jkyoongs,lheaslibrary,oranjisung,newromanticsby,jksorbit,innochia,mmpadellan,serenecz,koogiult,pinchepjm,jeanniie5,actgovernment,ponktonkr,shizuekuranushl,mincorang,rayveee_,marauderfitz,noshinanyfavs,hollytreat,ubermadman_ssb,larinhalaraoo,realamadioha,mama_hipster,thoryvo,marvellousfey,hayes_melisa,sehunwinks,vmpoesie,,,,,,,,,,,,,
Blklivesmatter,Coach_BJ_John,BLUE_W0LVERINE,IDLIVA,Jennie_mda,CoachScottCross,KESPrincipal,DebKilroy,JenyB20,LanceUSA70,Hamanicart617,DlambJ,HeritageCFC,defcnvsuh,DaBlackB2,JamesFromNowOn,DrNikolova_Rumi,Lyniinii,IfcwiII,JWeber988,CamiLee13,Docbasia,FaltasLab,Gaynorann46,Lyniinii,HeatherForWake,daichorizo,EachDayIsBetter,charlislover,Derwin2icy,cupidyg,HanOrNah,LepapillonBlu,KrisDoerschner,JaneoOakley,Kemss_x,Kollinwood_Jai,astridIevi,DKyle24,RhymesRadical,afterwc,bitchkittenn,DecisionUterus,Miwa_banjo,bitchkittenn,bbhvenus,Minnel37,doyeovr,_noonabear_,hekseokjin,Myti_7,IsabelPolnareff,chocohyuk,btswwprinces,dazzlerene,fall_exo,ResisterChic,LeonaLioness6,GrimWh0,bebeskeppy,ariigws,OBXJEN,LepapillonBlu,Tatiyoh,gldenlouis,cagethxdragons,Mooncomsono,cooky_maya126,K8rlo,Xilliann,corporeals,bbunnytaee,ap3sh1t,aybalva,goblingoalie,favsooya,jennies_gilagid,_jayystarbby_,hyunjyna,jaybnow_,ifswylie,hazzelfox,ai_valentin,chopraskaif,fromschnecke,dindin6,curiositykth,NancyMo268,gyoozis,fireaelin,gftpjm,i4spearb,chaoltowers,favlydia,SiddallJoe,The_staers,ggukturn,imxthay,kitty_ddaeng,dreamyteez,hobifiirts,haileyyyyy05,JeremyLoveday,lolvmin,jackieszel,obrienhollandss,eboytae,SenBooker,leviohno,camewitthefetti,innienation,min__gguk,hbzaid,johnny_queer,httpwhalien,politicalant,norrbebe,longliveswift16,mnjoonsope,librarianarmy13,seungmims,redheadcarrots,linoqlindo,joshbunyuy,nytimes,seuldior,staytion9,sunsitae,naytiva,blakandblack,wosovibez,silly_chaotic,semuhyiii,springrain95_,miiamiipng,nowxmendes,humanist1960,xJadynwolf,lili_muju,,,,,,,,,,,,,,,,,,,,
Brenda_King_MBE,CoachdanMSM,BernFost1,JamiJm,K8rlo,CoachWashDHS,KaTonya_Gary,Earth1stlinda2,JlMlNLOVELY,LepapillonBlu,IovelsX,DrPFili,Ifcoscar,dilfjoon,DimashTurkey,KeeyaDanielle,FIRSTGODISLOVE,MarcoAnimeGFX,KavinDeBruyne17,Just_renear,CharismaMolotov,DrBiancaBusch,GretchenKimmick,Georgiii364,MarcoAnimeGFX,Hrivnak_Flyers,doppogf,EmmaBell1889,dylomazer,EmekaTheGreat16,drewst4rs,INDIE_DustyDave,PetraMcCarron2,Mianmath83,Kosmic_Quokka,LobCityBlake,MichBallistreri,barzalhale,EliteLakeShow,SDDNP,cozyjeons,brxtbxby1,DollLikesToKISS,Mo_jallo,brxtbxby1,flowerzbyun,Musab07_,dreamcowrt,bez_llght_year,hjoonglips,RaymondEsq2,Jess4_RK,chocomilkyland,egojhobi,eternaIIytxt,flowerzbyun,RhymesRadical,MDomino07,Highlander_YT,caittiac,chimchimsJK,ResisterChic,Persiflage77,VITAMlNCHOl,gusnightngo,flynnsrder,aoihanaa,firstlovebts7,KingCxrson,Zahra_575,crqnes,chimbaepsae,asapweirdo,bby3racha,gthreefive_,jenlisasdaugh_,jiminiekissme,ayeeemelina,hyyued,jikooiki,jadereign,hesloving,bloggingbanshee,dancermichelle8,ifxagustd,doxie53,dreamjens,PPersnickety,jinsouliza,iinejghafas,guksdior,jiessicas,enna_cs,fueledbyjoshler,Sportsnet,_jingerly,ggukvenus_,marvellookhere,lovcharm,fullsanlight,hoseokie9901,jakedebrusk,PovReductionBC,mapofthehope,justinebuckleya,obrwden,enciodas,UN,lilimoncino,davidisaway,jehyunsmeerkat,mysailorbin,jmzilla,kellabel,jiminsgrapes,realDonaldTrump,oxytyramin,rondarouseyszn,rvvnboo,pianofirstlove,skzfairies,viana_raianne,poeticzustice,menchumfalls,realDonaldTrump,spidermiyeon,straylogia,sxnshinetxe,nicole_alcazar7,kellycontad,yoursdaly,spadeprincesss,sikkienana,steffraven,uhescope,sabinartsy,,,,,,,,,,,,,,,,,,,,,,,
BreneBrown,DannyBeeck_,BlueCollarBret,JoshuaPotash,K_Thorp,CrowderSzn,KristinKSmall,FaiMujer,Lunwi88,Missin_Florida,KhyleDeWitt,JessicaJScott10,IfcwiII,dimincito,Dimashour_,Lo1of1,GTX3O,MosIIey,MCFCbarney,KWehsner,CindisPLace,DrHowardLiu,JYoungPierce,JezLeathercraft,MosIIey,IanSolo31688188,g01_huang,Feisty_Ginger_6,elevnmax,FrankieBackup1,eboyjeons,LifeAsAdrianna,Scott_5D,MomOf2Happas,L_DeWeaver,LockdownSimmons,RavensHypeMan,barzyhsx,KbsGoat,armada_jasonv,cultgoo,bunniegrl333,Feisty_Ginger_6,MrOdunsi,bunniegrl333,giuzhong,RealistGlizzy,gabiikhaleesi,bibliophile_ami,hobisunt,ResisterChic,KT8812,ckyuhyun_,fanaticahonly,gwiyoungmins,flyingkrisses,Rosie_wearamask,Peatches66,Krystaalsg,cherryskeppy,cloudyyxbutera,Rosie_wearamask,RebelArt5,_dramaramaqueen,habitIou,fromschnecke,artslix,gguki_shi,LobCityBlake,anGeljiMiny,dieIikethis,ctrlotsukare,eboywluv,cherryforseong,haileyyyyy05,jenlisr,jisoosrosie,ccclovesu,ilacxm,jikookepic,laviebohemx,houisyeh_,chaserdickinson,dancesjolex,iniazart,forwardarc,frogggss,PetraMcCarron2,jnwxphire,jbsbbyboy,jimbleina,jinrisrad,heirsmanon,fwllsaway,SteveLavin64,bangtlayudas,hobierotic,natsjemma,mimifuls,galaxwoo,jeoncchiato,joshballey,SarahPottsH,namjoonsmuIIet,liliasjillian,playboychlo,infern0hs,UNHumanRights,prdsd4na,excuserocky,kpopallforone,pjmultimate,kellystratton,pauldereume,respect_seven,soloyochapin,plutaenium,themarvemarv,starlightinked,seesaw_wings,sunminsung,waltrbishop,unleashobi,realamadioha,soloyochapin,y3rlmiese,taegallaxy,vminsalien,noemr13,,,,,,,,,,,,,,,,,,,,,,,,,,,,,,
CMonaghanSNP,DylanWintersCo,CavitenaA,KenobiCheated,K_dot_ali,Headsupu,MHokenberg,GerryGeorgatos,Rivers_Hellfire,RENEEWEATHERS2,MJ_Santii,Kosoy125kg,KavinDeBruyne17,egosdebut,ErieP0P,Markus_2_U,HARRYS1DEMPIRE,Natsukashii_20,MarkRobson15,LanceUSA70,DearAuntCrabby,DrJenniferCo_Vu,KalinskyKevin,JulieMorrigan,Natsukashii_20,JackieB_Ellis,gudbaimaik,FoxySparkles23,feeIskata,GrantHDowling,everythinggoes,MJ_Santii,Wikweko,MumInBits,LadyPoop2,NotAMook,Sekiind_Gerard,batsgadot,Keke_nba,bamableu,destinyskoo,daddysinlove1,HACKEY17,Obiagheli1,daddysinlove1,hyunaIove,SackOIe,gyupoetry,bougieyoongi,holland_oli,VoteBlueBLM,Katorin1986,cosmicbigstar,flyejimin,haoisyourday,hanruIes,SDDNP,PetraMcCarron2,MaiDesuwu,dreamnaps,dangerousstears,TCRG2012,RitaMacMom,choronggie_luv,hesdonny,ifxagustd,bunnyderx,hobiicola,LockdownSimmons,angeIchuu,drewstinbeaver,decalcomaniajm,fromblueside,dreamyteez,jakedebrusk,jennietake,kjsthug,christeague_,just_shvnice,jimininhos,lordekrys,icarusbazzi,fiddlersgreen92,dwts_babe,judefrancs,idespisegqp,gotbangtanwhore,SDDNP,kevnanti,jjkmukbangs,jiminertia,jiyeonscafe,hollantsov,icarusbazzi,espn,dArmyNF,jeondtaiI,nnovabyers,minalovely93,ifsjoongie,junslt,maddiepopla28,VanIslandHRC,oncestarbit,megdonnellys,poguesrigo,k1lIua,UNOCHA,saturnsdef,kissingppink,niniyangs,sraBts5,kocheruro,ptwantsjustice,triviafairie,sweetmama110,starlitvmin,wwezigglerguy,yoonsflirt,springdaywifey,zimzalabitsh,youngdaisys,zearview,,,,,,,,,,,,,,,,,,,,,,,,,,,,,,,,,,,,
CarlaRK3,GUCCIIIDRAGON,DemNevada,KikiAdine,LJx03,HerciMerci,MSavageWCPSS,GreenLeftOnline,SpeedingAhead,RaymondEsq2,MyKicksAreMyFix,LoebStacy,MCFCbarney,exhaIesabrinas,GivesKyle,Mo_Farah11,IsabelPerez1232,ParadoxZeppeli,McfcJoe_,LeonaLioness6,DrotmanMarc,DrLondonoTobon,KimrynRathmell,LennonShoes,ParadoxZeppeli,JamesOverman,hatzsu,Heavensnewbaby,feelsreddie,JadHustler,fltrvk,MyKicksAreMyFix,bamableu,OhioMomoftwo,LennaLeprena,OlumideDamilol2,TCS37,brennaxjensen,KyleLAstyle,bogdanoffelaine,entropiIs,deadrxses_,KLM_Wolfmama,OsisamiG,deadrxses_,jenrubyvr,ShameIessFC,helloxngel,cxff_ee,hopswrld,blmtoo1,LucidlyDoom,dongba151086,gcfmarvel,hyckei,jenrubyvr,TCRG2012,RENEEWEATHERS2,MegaCacturnt,heartskeppy,doggo_lbbh,TexasGal_98,Winners786,ddaalnim,heshawn91,katesadgwick,chwolfiec,ii_taehyung,NotAMook,chimchimbabee,giubamio,feverkook,heat_squad305,fullsanlight,joshballey,jhopekooks,lalisaspurpose,dasjaniclark,khhinss,jmstrue,mrahcasillas,ljmcontroIs,hannahselector,dwtsbach,katesadgwick,michelle_spenc,jhnsuhh,bluewaverider46,lovedriunk,kaztreasure,kjsthug,junxhyu,kazbrekk3r,josh_kunn,espnbob,diavolxs,jiminharola,percybluefood,peachyytetee,jhopestalker,kithnj,marcandrefieury,adequatehousing,viakth_,muyguapajuls,realangieee,metallicanero,antonioguterres,shadow16_,liquidslatt,odetochannie,sweetzgukk,mmgrabow,seacreaturemama,vkookgene,vetsassembly,vhopeside,xReigningEmpire,zZztaehyung,sunshinechimm,,,,,,,,,,,,,,,,,,,,,,,,,,,,,,,,,,,,,,,
ChaithanyaRW,JesseWuCreative,DonLew87,KingRezizt,LobCityBlake,JadHustler,MariahAWalker,JennyPineapple2,SuperSonsTalk,Raymond_LLM,MysticPabbz,MaleHealthDoc,MarkRobson15,flowerpetalpjm,LesleyOliverA,Nadia__33,KINGJAMESHBIBLE,Sabogoatt,Mcfc_Blake,MDomino07,KikiAdine,DrvanTilburg,Lymphoma_Doc,LightHealing,Sabogoatt,JetsPrincipal,hifugwn,JannikBartholo1,filterjongho,K8rlo,frustratedjk,NYCDemonDiva,basementvegan,Pete_Denno,Loud_Lass,Pi_hus1,Victor_412,chandlewr,LakerFacts,brianlewis3282,fckygii,enbysies,LabourPartyUSA,Richincheekss,enbysies,jonginoturn,TheFergusonCode,huffleighpuff,egotrivia,hwasaeyes,blmtoo2,Moflo19,eejwithyou,gcforyoongi,hyckkie,kaimour,bfs2020,SKVL75,NC_Squared,honeyyblade,eyojungkookie,bogdanoffelaine,bamableu,dianetraan,indieroda,lupnsmiled,diishujinko,insfiretheworld,PhillyWRLD,eternalyoongs_,goIfyang,gian_ito,iheartsosa,hywnjinho,maddiepopla28,jisoovocalist,lisadified,daziah_brown,kihyun_bby,kooguki,preciousnoany,louiegothic,jara_films,dwtshattie,leestairs,pauldereume,jinguini,cris_n3wy,niehwaisang,lostfairchild,luv4jinnie,luvseulrene,nazyalenskyz,louienrep,hughwburrill,gotsla0808,julestheworldd,pinnkladies,pianistyoongs,junvIog,outrlost,nhlcoyle13,deardubow,vminhands,omarftaron,sapphicsiIena,mo_onbins,defund_genocide,sk8eryibo,poorlifestylez,scribblekoo,thyevante,patelsg1,yoksig,wklyjiwoo,,,,,,,,,,,,,,,,,,,,,,,,,,,,,,,,,,,,,,,,,,,,
ChrisMillsRD,JordanALange,EmmanuelNaouri,LepapillonBlu,LockdownSimmons,JesseFrisinger,MeganMadlon,JonesHowdareyou,Winifre83171900,ResisterChic,NYCDemonDiva,NGWIZZZ,McfcJoe_,flwrboyjk,LunaLuvgood2020,PBuckles10,KedmaHelena1,SephirothSZN,OliB_RFC,Missin_Florida,LRPow79,HalletJulie,LynnHowie1,LouiseRawAuthor,SephirothSZN,KESPrincipal,huaIins,JoshuaLeePwllJr,goalshidalgo,KillaKyrie2,h7bist,SavSOS_,cokogay,PuckinSassPot,MeganKrakouer,Sadcastic2,_classsy_,condekilmartin,LakerFilmRoom,calijo77,heartIake,fendibbyj,Mianmath83,The_precioushy,fendibbyj,kriswuniverse,Uhgfx7,imsicktomboy,eternallykoobi,jeonsbIog,calijo77,SashaRK27,gemesgyu,ggukmusic,itzjensoo,kawatsumu,bogdanoffelaine,bogdanoffelaine,PattyTrills,notskep,foodforbts,brianlewis3282,cokogay,fendimanjiaer,jetaimesingular,medwsas,dizzymissLis,kook_mytime7,RyanKing_52,g0ldenkth,hrhcoIIection,gldnttv,jadesjeon,jbwaifu,marcandrefieury,jkimeve,mz_rhea009,ericgarika,lolowithg7,mariatamris,quiteballad,louienrep,justin_drabek,gimmemoredirrty,loverspynch,ptwantsjustice,luvgodjihyo,customcore7,shinwoniest,loveIyjackjae,mjjyjjs,smilestraykids,neviocarIotta,lovelymanheim_,justjoeylopez,hseoksoup,knjmoonstar,roadtohellii,pixxels_bangtan,lovelyluciama,sunniseok,nhlpstrnk,photowarrior,vminsmyg,or4ngeju1c3,sapphicus,nightrayes,hrw,uptothemewn,problemzgatme,yuchanlix,yeocb97,urojdr,,,,,,,,,,,,,,,,,,,,,,,,,,,,,,,,,,,,,,,,,,,,,,
Daniel_Knauf,KiairaTalia,Fix8d2022,Missin_Florida,MerOutLoud,JillianMcLeod05,MrMooreClass,KingLouisRocks,YOONGINl,RitaMacMom,RheasRiptide,NateEngel,Mcfc_Blake,goIfyang,Lyna91Fr,RockLeeReese,LadyYAZNE,ThunderDevil2,PogbaXv,PPersnickety,Leslieoo7,JointReconPAC,Neil_Iyengar,MettlesomeTeri,ThunderDevil2,LisaBar29093512,hympic,Ketih_the_Yeti,hautecuIt,LJx03,hannideleon,Suziealto,collieflower922,SnarkyMommy78,On_Da_Ball3,Solaofin,amERIKAn_pie1,dantevaIentinas,Lyl1Eric,cris_n3wy,hinaxata,fuKcBunNy,MommaSmallzz,_Lovettt,fuKcBunNy,kunputasso,UtdEnthusiastt,jeonghansart,h9im9i,jinboioIa,cici18480257,Suddenstorm0,haetteok,gguksadism,jinniedais,kyusunwings,curiousyummies,clairermassey,R0zu,peachnmangoees,gguksphoria_,cris_n3wy,cris_n3wy,glossymarix,kalvaxsus,moonygb,hyunjnw,microkosmus,SerbianHooker,ksjlocket,itscockroachbb,gwangjuqueen_,jadeslocalclown,junseopoet,marissamets,jnkluvs,renesexual,evelyngarza911,minsikgirl,mibtski,sadieblanc,lovelymanheim_,katiearoman,itsaryannaa,mingicentrist,ragcha,nakamotics,fake_biden,skyugy,manorialing,pinkspluto,softyjungie,nicodiaangelo,myrunandgo,karlravechespn,hxbii_,nikkhiems,sluttyzamo,softboikoo,monoplaylistt,trivia_mang,ordinaryeffect,police_canadian,vmintine,wilsonshaider,secreels,oki7a,kahsay9,wwxscvlt,talking_rap,,,,,,,,,,,,,,,,,,,,,,,,,,,,,,,,,,,,,,,,,,,,,,,,,
DrDaniJackson,MEG_atron13,Gdad1,NewJeffCT,MilkaRFan,K8rlo,MrsWrightin5th,Kosmic_Quokka,alexgoeswest,SDDNP,RosePlanted_,NickMitchell_GV,OliB_RFC,itboyjoons,Martaducq,SportsGuyEv,MariaLuisa1968_,austynmayes2,UTDSANCHO07,Peatches66,MCJayhawk,KTamirisaMD,SamLubner,RayCampbell19,austynmayes2,MCBrunson,ikiishima,KingOfMadProps,jeonglndie,LobCityBlake,hetphobicnamgi,arii_ello,crzyfkinworld,ThatMummyLife,Outofthewoodsi1,Temisan___,anghell1992,dreamfiennes,Matt_Aye_Oh,customcore7,hobiepuff,g0dsplt,PepperOceanna,__Feranmi,g0dsplt,kyoongogh,UtdGeraId,jhschiId,hobblessly,jinspecial,dindin6,SweetInTheGale,hyuktannie,jihopestear,jinsbabie_,legendyoh,dindin6,crzyfkinworld,SamuRylee,roofbunnyy,haIfheartedcIub,fix8d2020,curiousyummies,heewon_song,khaIidspirit,nbsunflower,imalalana,mnynkng,SnellSZN,lustminyg,jxvintage,honeyoombie,jinniehugs,linotear,natezuwu,jnkpink,roseyceo,greatwall_ofchy,moonlightIover,minsugxs,sebloswarrior,lwtsuga,ladydottiewine,joejordan150,nicoanjo,sara2001noor,nmgisk,idliva,theboyzmanager,multijelli,rosieposie_chu,sooyerong,notluanayey,pilotsmylove,mikegentile590,mingilberto,pjmcoId,squirrellycurly,st4rryminie,oksannie,ursajoon,timnyr1,self_govern4us,vminuna,yeobsf,sofswyIie,sanIangs,meklittn,,,,,,,,,,,,,,,,,,,,,,,,,,,,,,,,,,,,,,,,,,,,,,,,,,,
DrEricDing,MSawatzky5,Henness87,RENEEWEATHERS2,MyLastChance8,K_dot_ali,MsMcCollumAP,L_DeWeaver,ayatogf,SadieTNResist,Suziealto,PCuroMD,PogbaXv,jeaiousyeo,NO1GifQueen,ThatManMarco,MaribellaAngels,boruderp,WazFPL,Rosie_wearamask,NashvilleDeeDee,MariaUloko,ScaltritiLab,RedJohnBounds,boruderp,MSavageWCPSS,jeongoldendaddy,LilBit_1999,jeongughk,LockdownSimmons,jasthemeanie,beyzathecreator,curly_woowoowoo,VisionBored1,RBJRON,TheNzubechukwu,bestmec01,gabikilmartin,PlayoffLillard,dindin6,hxneyboyyoongs_,gloombcyseason,PuckinSassPot,__fregene,gloombcyseason,luhangucci,UtdKM_,junhuiglxy,hoseoksIady_,jjkbottomy,doxie53,allegedlyangelo,kyumiracle,jkthdetail,kithyunho,lilylovesyixing,doxie53,customcore7,Slyzir_,sIeepytwtinc,iIlejeons,garym27,dindin6,honeystyle1006,lesbocore,noorasadd,jaehyukiss,peachyjinkoo,YD3tro1t,microkosmus,melldrama,iwiwiwii,jinsomnias,lolakeullain,nathzuru,laIisa96,roseypj,htxjordo,pandahachiiro,pdbyagustd,secretchamb3r,purple_bela,loudpenitent,prismaticjonas,poetsxdante,sergeivote,northyucks,karel60524954,tinyIix,peachsephone,seokinnies,sunggiie,poemagias,sahlobandita,mikezigomanis,minhocutekitty,seokiearth,thompsevan,sti8ma,tulipsjay,wndrjun,whatifnothng,vicpdcanada,vmnlover,zlggyberman,upinfairytales,sephislut,,,,,,,,,,,,,,,,,,,,,,,,,,,,,,,,,,,,,,,,,,,,,,,,,,,,
DrJaniceGassam,NixieCharm,Islandlatte,RadarResist,NotAMook,LJx03,Ms_S_in3rdgrade,LadyPoop2,btsxnormani,TCRG2012,VinaMkayce,PopovicsPetra,UTDSANCHO07,jimnity,PeterAarons,TheKenjTrend11,Mellyssa57,celsenpai,_cfcbilly,SARA2001NOOR,PolkaDotty22,Mcgrathew33,ShaalanBeg,RedbirdEl,celsenpai,MariahAWalker,jggsaw,Lustythoughts1,jonahspov,NotAMook,jimsIover,brittdwils,dindin6,bigeby13,RachelQuayle08,__onome__,briski715,harrysgoochi,R_Jeezy_DaGreat,doxie53,jeongenre,h0peudi3,ScarlettYoli,beautifull_chi,h0peudi3,luhanmyeon,UtdNadd,luvggukie,jeonggukfits,julliamv1,ikodp,alohaimarie,lcttaloveys,jkthdetails,koosfilters,luhangucci,fix8d2020,dindin6,SwordSwallows,sapnapextra,itselmariakim,gloriadoherty11,hollytreat,jackbummie94,lookingIikeyou,poemstairs,jooheonlogist,rosieluuvs,_Ed87_,moni_man_R,mistermodular,kdjyjh,jkshoneybun,loovegigi,nhImiranda,rosefauIt,rosiecults,isaiahhtrevino,ptasshad_es,prittyvilar,sooyajnk,sweetnofya,mkmcbrayer,priysangel,popnrios,tekwhiz,parkyourjimins,pauldereume,withikoniq,swiftiereads,vantecre,taenyseul,westfaellin,sheromens,tim_micallef,sweetiecoldie,strwngerfinn,wlwellie,yoonsanslight,woochulips,wonhbi,zibanejcd,,,,,,,,,,,,,,,,,,,,,,,,,,,,,,,,,,,,,,,,,,,,,,,,,,,,,,,,,
DrJoGrady,RicoFresco_,LanceUSA70,RaymondEsq2,OmNy__,LobCityBlake,Parkside_AP,MeganKrakouer,bulba3aur,TerriResists,WASMINYGRANDE,ProfessorJill,WazFPL,joonciaga,SMEthatsme,TheeHaileyC,MohammedNahir,d8uhh,adzmufc,SDDNP,RhymesRadical,Ortho_PA,ShuchiGulati,SariellaHerself,d8uhh,MaryJones1225,jinguangfrog,Rebeccah81,marisatwmei,OmNy__,joondilf,caleigh2000,doxie53,bluegitana,RightsLGBTI,_omeizaa,five433,hsgolden1,SOULbeautifulme,garym27,jiminhubs,hourtohcur,ShannaPersin,fayyvour,hourtohcur,lypeposey,UtdZakee,neosvteen,jimineater,kdrxmas,jbm32753,bishopduxk,lifeisfcking,nj_Seoul,lgbtaegi,luhanmyeon,irkenz,idliva,WimbledonAlley,skepforever,jiminsirose,idliva,humanist1960,jbsbbyboy,louislittlesunn,poetsxdante,kihamzz,srslytaehyung,coresters,pjmytimee,mitski_stan,kgrplns,maadfantasy,lovsminho,nhlcoyle13,rosestochaeng,rosiesarcade,jazzyjazz017,rebecouillee,repmyg,thequeenarsinoe,vminartlarrie,neardeathdolls,spobycabello22,snowygallifrey,vegix,ryug1n,phinandme,woodzmino,tbzmiracles,wlwsoul,yulkcl,zoyalanstov,strwbrryboy,wilnerness590,wintaernight,whytothis,,,,,,,,,,,,,,,,,,,,,,,,,,,,,,,,,,,,,,,,,,,,,,,,,,,,,,,,,,,,,,
DrUmeshPrabhu,RobHarper131,MarisolTorresRS,Raymond_LLM,RaptorsGirl99,LockdownSimmons,Raiford1,MicheleScheffl1,cupidIog,TheSizzleReport,_TeeRay,RodriguezMDUrol,_cfcbilly,joonsm00n,ShazieZea,TinyDoll_3,RebeccaLMahan,dieptho1,ainscough_jacob,TCRG2012,RickResisted,PaCardiology,TiansterZhang,ShabbirLakha,dieptho1,MrsEngelhaupt,kenmxkyu,RememberSF71,nctyrant,Sethortizz,kisses4tete,calscocktail,eve_gaige,casquita_,RobRobbEdwards,_wolz_,footballman58,icednessa,SincerelyDani,jamlouh,jinsideee,kamisxmx,WhoDisTweet,frozenfirenaija,kamisxmx,maedobichento,_elizaabethh_,onlyalostmind,jinberru,koookiesmile,jinsunoo,blueberryhobos,mamacyita,taejinsecret,mi6nhyuk,markxuxi,jacketrose86,jacketrose86,YeezyStP,skeplove,jinsanes,irkenz,jbm32753,jjkmukbangs,onlythehabit,popnrios,kihyunfleurs,stoessbutera,kikeseager,sprklykoo,number1orbit,killdahooo,marsiuv,maryvilhosa19,nhlpstrnk,rosiepsycho,rosiesboo,jessicahdz1d,taerayonnante,serejinpity,towerofchaol,wxlouiss,ryanlarson,suckersforjonas,suckmygansey,wycked_yum,stonersuh,rr7lv,yunhophobia,theravenjosten,yunadior,zhoumitang,zoyastorm,sweetnofya,zandoyle_,xexequiel_x2,,,,,,,,,,,,,,,,,,,,,,,,,,,,,,,,,,,,,,,,,,,,,,,,,,,,,,,,,,,,,,,
EHRC,RobertJudin,MiaDM18,RitaMacMom,Respect0vaMoney,NotAMook,RebeccaWeaver1,Michz45,dipperdeep_5,VoteBlueBLM,beastmvde,SBeesonMD,adzmufc,leavmeaIone,TheKpopProf,_CB23_,RetweetSite,drkRose11,aritravo_auddy,Texy_Liz,SDDNP,RuralEDPA,cancerassassin1,Sparkyxxx,drkRose11,MrsHines_PGES,kg3yama,Russ_Gillette,nekkotae,SmoothSmithh,koofIuff,cth5sos,forwardarc,cathycola513,WgarNews,chu__daddy,gardner_dawn,jamiiierosexx,TheNickyBands,jbm32753,jkscamera,legallyines,WoobieTuesday,gracetheAvril,legallyines,maknaemints,_sirbartman,reddoyami,joonsdababy,mbbshin,jkelink,cheritaisrandom,megalailatus,taekooqk,namkooseok,pcyartt,jbm32753,jamlouh,_ProdigyDiamond,skeppiss,jooonjah,jacketrose86,noneejudi,kainuhh,randradem,pynchiove,lamonbeebee,taegiii24,limitlessranget,swevenpjm,octatate,kooksaaaa,miglikesmusic,oksannie,nvmjamie,rosiesceo,sololololololoh,kysthegoodhuman,thatcrzyfangirl,taemaki,warnereign,yooncuteass,schafer_gray,thatgirllaceyx,zaynpoetries,yoksig,yeokika,yoksig,yutazenr,vegasdarcy,,,,,,,,,,,,,,,,,,,,,,,,,,,,,,,,,,,,,,,,,,,,,,,,,,,,,,,,,,,,,,,,,,,,,
FraZaffarano,SammySilv,PaulDereume,RosannaPhillip,ShesBootyful_,OmNy__,TMus_Ed,MouseRoaring,eIriset,Winners786,bitchwhatline,SarehParangiMD,ainscough_jacob,lightammo,VivienneCafe,__Parissssss,RosaNegra_08,esukanoiru,brencfc,WilliamFPeters2,SKVL75,StressHoop,chadinabhan,TheMendozaWoman,esukanoiru,MsBakerPGES,koullua,SamyHeath1993,oliviasrare,SpicyMexii,koyabffies,fakesosmikey,garym27,diaruba74,actgovernment,considerthecash,jaedon_barnes,langfordwolf,TorieMonae,katibug817,kooable,murdcrs,anhiebananhie,jozieh_,newsbians,mon_byun,brad_penrith,ryugirbw,lunatheorbit,mon_camif,kristinresistin,dani_pitter,onlyhyukeaj,taeneptunus,nctiechan,pcybonito,katibug817,katibug817,cleverlostboy,skeppysmile,justafanboylol,jewell35_a,oregon_resister,loveIyjackjae,sabsingularlove,sithelsa,luvckyun,taekoosoft,miggywrld,taehvungist,onlrlque,kthvnte,mordecaisgf,piratexol,ordinaryeffect,rosiestans,taysmoonchiId,sotrillkenny,yawiliminsik,vminkok,zaynsart,zjmcanyon,thebrianmcnatt,trobedsknope,zjmrvrd,,,,,,,,,,,,,,,,,,,,,,,,,,,,,,,,,,,,,,,,,,,,,,,,,,,,,,,,,,,,,,,,,,,,,,,,,,
GBosquesMD,StephJ1128,PetraMcCarron2,SDDNP,StephintheUS,RagingEd68,TeresaLky3,NITV,egohobis,bfs2020,blisstatements,Svet_MD,aritravo_auddy,luvkoobis,alapadma2,addiereimbold,RosaTrunk,fuckmoddy,degzzzzzz,armada_jasonv,Saahearn,VietHeartPA,drkevinknopf,VeganBeaV,getoufucker,OberdorfTammy,lNDlGNO,adrianmyreality,onesttarr,ZoneDefenses,livs_joonie,fooolishlyifall,hollytreat,dishs_up,age_no_barrier,coresters,jesus_obie,lwttobesolonely,YoungMace22,kristinresistin,koocuddles,newsbians,b59288911,kendriiick,newsieslive,ningsflower,burnertee,seventcarat,mangonecta,onIytete,llmich,hobiicola,palingberuntung,taeniesoft,purintae,shinerculture,noneejudi,og_dbl_lo_g,davion_ow,skeppywastaken,kthsoftboi,katibug817,ragcha,multijelli,sapphicsbea,sixjuliet,thehoesense,trashburrito,pmabucks,teawithkayla,spicecooochie,miapaana,stanot7forlife,sweetfeliix,timnyr1,ryujingirl,thotlisaa,thekendranewman,younghotrebeu,,,,,,,,,,,,,,,,,,,,,,,,,,,,,,,,,,,,,,,,,,,,,,,,,,,,,,,,,,,,,,,,,,,,,,,,,,,,,,,,
GoogleExpertUK,TheFatTwink,PhillBiker,Scott_5D,TMLGAL,RaptorsGirl99,WLMSPrincipal,OBallmark2,fernanholiday,blmtoo1,bvnkslayer,SylviaSuadicani,brencfc,mindpiercer,artistdae,audadddy,Seaclare115,getoufucker,ding_dan_18,beachaholic823,SelfImposedXile,ZhealaQayyum,drsarahsam,WoodIandWitch,hiker_hobo,RedandWhiteAP,manjros,bacon_ninjette,ourmingi,btoma15,lytsingularity,forthewein,idespisegqp,dweetz67,arenatweets,ememasanga,jl4486,mjzibanedad,_ThisIsImani,michelle_spenc,krasgguk,newsieslive,bernietovest,limmssss,pinapplexpapaya,pcy_yeoI,ftbIswanny,starsgyus,moongenies,pjmsaid,mcburls,iSnortArsenic,pshfly3424,taewars,sanhwalight,standojongin,ptwantsjustice,ptwantsjustice,diamonatrixx,skepwich,monchildu,oddworld2020,sara2001noor,nununon0,sknners,steIaire,unbaek04,xoxokkun,sadsith_dani,teteinnerchld,teasmm,taeasdark,twonugs,xbeingdihh,whatifnothng,scandybp,wrenchosen,,,,,,,,,,,,,,,,,,,,,,,,,,,,,,,,,,,,,,,,,,,,,,,,,,,,,,,,,,,,,,,,,,,,,,,,,,,,,,,,,,
JacqEHoward,TimDuncanAD,PrdLiberal7,TerriResists,ThatGuyNoFlow,Respect0vaMoney,WMartinWCPSS,OddemocracyA,goIfyang,calijo77,chipolones,TP2USA,ding_dan_18,minhkyuns,bts_army_nl_,bearwitness__,Silau25,hiker_hobo,etiennejones59,bmcarthur17,ShelbyKStewart,alvie_barr,drteplinsky,bekiund,jamalkilam,WMartinWCPSS,mobesper,bobbylwesson,raclhelweisz,carsonzo3,magicshopsjjk,hiheloitslauren,jpierni,gus_posey,blakandblack,favgirlarin,michballistreri,mymaddiecade,atxjake,missin_florida,orleelauren,pinapplexpapaya,bigeby13,o_jibby,puppiwuppi,pcyartt,ftblaziz,subooway,moonsrkives,pkjmgod,mcpli,nab1803,puspitafathya,taezjmx,tearsvu,taemindie,ragcha,ragcha,in_vivid_color,softskep,needyFORariii,pauldereume,scrantonville,rockybyul,sunflwlouis,supergirlcomics,unfortunatemx,xunviews,shadereyes,thedaechwita,walkingbisexual,toastytaurs,vhopejoong,yeosaliling,zibanejcd,,,,,,,,,,,,,,,,,,,,,,,,,,,,,,,,,,,,,,,,,,,,,,,,,,,,,,,,,,,,,,,,,,,,,,,,,,,,,,,,,,,,
JazdzewskiTara,WoleOke,ResisterChic,TheSizzleReport,The_BatBan,Socorro_AD,agep_,QAustralian,gothsmin,cris_n3wy,crownfIair,TavennerAnne,dingpring,minhykism,catsraindance,bosley_Sha,SolyMar66091744,jamalkilam,fpl_phenom,bogdanoffelaine,SugarySunPints,amydjohn,fumikochino,biddydub,jtentoes,ashliet15,namskit,cbink_liltx,rcmiones,considerthecash,myclematis,iamMimiChelles,kristinresistin,hairlesschimp,colleenmmck618,fayyeegbuniwe,mike_champagne,oberynism,blckbuttrfly1,nihilismo7,simp4myg,puppiwuppi,fairygodmomma,official_micolo,puppygxddess,pcydyeux,ildiavoIorosso,svtbot,nakwonjhs,psychoIuvie,mcy_sally,nyxarmy,ryeocake,thegreatrosies,tinysbffies,whypcy,realCheeto1,rr7lv,jordanfisher,sophianotfound,peachimmy_,ragcha,sergeivote,tokkibun,swiftfiIms,surto_infinito,voicewonho,yanjun_8ge,thetreyinator,unusual_clown,witerinthedark,vmnxoxo,yeezusweezy,,,,,,,,,,,,,,,,,,,,,,,,,,,,,,,,,,,,,,,,,,,,,,,,,,,,,,,,,,,,,,,,,,,,,,,,,,,,,,,,,,,,,,
JeremyFarrar,XBcreative,Rubicon1313,Wikweko,TitanRFederer,ZoneDefenses,ashliet15,RBJRON,heizenote,crzyfkinworld,doggosaults,adam_rosalyn,etiennejones59,mistralotf,dimash_id,dxezduh,THEWORDINCHRIST,jtentoes,gabi_szn,clairermassey,TheSizzleReport,chandan_khandai,hemoncwarner,celtjules66,koben1dance,carla_jernigan,ninqzhan,cdcoy7,romiqne,coresters,myglliflous,jnxnvr,michelle_spenc,keepsmiling5942,erambiboy,graceadehi,mixmastermatt4,roseleblnc,iamGTF,pauldereume,starryjmini,puppygxddess,hairlesschimp,olayimika_,sapphicsiIena,saturnbyun,itsthabobruh,svtwaves,raspberrybread,seokpifany,missin_florida,pastelhour,ryeonggyu_,trulysjin,tinytaefm,xingult,resisterclaire,summerisunique,ohdeer__,trulyskep,seokchuu_,realCheeto1,stayceespeaks,wonhoful,tellemcanolaa,uponstories,wonnieverso,yoonmiiniies,tonymorris1212,vlavantae,yeosvt,vtmnkoo,,,,,,,,,,,,,,,,,,,,,,,,,,,,,,,,,,,,,,,,,,,,,,,,,,,,,,,,,,,,,,,,,,,,,,,,,,,,,,,,,,,,,,,
LadyOcciput,_Allison25,SMHeath1,Winners786,Zennatic,antoinette6ix,basil_marin,RachelQuayle08,helcnsharpe,curiousyummies,extremetaryn,allysonschwab,fpl_phenom,namgiszn,dimash_turk,er1nbutler3,THE_LGND_,koben1dance,gedashtonged8,customcore7,ThomONeil1,dfreedman7,hmcarthur,craftyvegangirl,kotominleskinen,coxtheheel,nshinoyz,cheeky_2c,rosamwndpike,currypiston,peachpuffrm,laur_alyssa,missin_florida,liliknits,geoffrey_payne,hisokasbitch_,ravingislife,sedgwickate,jascalloway,ptwantsjustice,sunnihxpe,sapphicsiIena,keepsmiling5942,pengofficial_,satxnangels,shinerculture,kgethegoo,taeyamour,seesawgloss,shownteIl,myceeta,swampwubba,sivvonie,vantaechild,triviabeomies,xiufleur,seacreaturemama,tekwhiz,sam1rjacob,vibrantskep,seoksflwr,rjor1121,tekwhiz,wonhwenee,thereforiou,wisewitchgirl,woonanx,zeroclockth,tylersramos,woodzhui,yoncebIow,,,,,,,,,,,,,,,,,,,,,,,,,,,,,,,,,,,,,,,,,,,,,,,,,,,,,,,,,,,,,,,,,,,,,,,,,,,,,,,,,,,,,,,,
McloydKeli,alexberger1928,SassyAssSister,bamableu,ZoneDefenses,bacon_gawd,burt_batten,RightsLGBTI,hwaIvrs,customcore7,flairley,angiesmith_uro,gabi_szn,namkoo_k,funder,geonnaej,YukariKingdom18,kotominleskinen,ghulamali93,dindin6,Yes_We_Can_44_,fitmslax,jhaveri_komal,dawnsmith07,maxpain144,crobinson0893,poemvox,darzdamnn,seohopalett,drizzylawd,pinaypolejuice,mmdcmr,oregon_resister,megoing,kateju9,kenejay17,sekiind_gerard,tdbruzzese,josh2saint,ragcha,taenishka,satxnangels,o_rittenhouse,queennmxx,siutfiim,taemindie,muele_s,uttvernon,suikua,taewhosx,ozzyunc,tryviatokyo,ubijalar_,vanteggukks,wolfbunniesun,yejisart,tekwhiz,waltsimsjr,sheikchaser8,vintageskep,speakyourselfvm,yoksig,yoksig,zhxin214,transwheelers,,,,,,,,,,,,,,,,,,,,,,,,,,,,,,,,,,,,,,,,,,,,,,,,,,,,,,,,,,,,,,,,,,,,,,,,,,,,,,,,,,,,,,,,,,,,,,
MedellBriggsMD,allysonfoutty,Scott_5D,basementvegan,_Queen_U,biggles14,carolmohn,RobRobbEdwards,jeremylovesyall,dindin6,iamMimiChelles,caldwell_cody,gedashtonged8,notsonu0618,jisbir,hogankri000,Zeno_Mello,maxpain144,jsmstormy,doxie53,b_sullivan704,hvanspall,lukepoggi,drunkvegans,mohmentai,dillonsalem,ritsukv,dirtlife0,skysgranger,fatherprime305,pioneerwizard,mmpalmer429,polarsprite,notmuchofahw,lynlinking,king_josh_ex,sooCALmonteri,thekewnobi,keziethedon,rr7lv,taevoyage,siutfiim,peterpslpacheco,ribiks_,soft_amor,whypcy,mufc_oscar,wetaeil,tamara_alex,tooclosetstars,smfox,wearethefoxes_,vazowsk,yooniverse52,wonpilbiersack,zkdlicy,zen4ever2us,yoksig,slyzir_,zakslilmuffin,vanteeescenery,,,,,,,,,,,,,,,,,,,,,,,,,,,,,,,,,,,,,,,,,,,,,,,,,,,,,,,,,,,,,,,,,,,,,,,,,,,,,,,,,,,,,,,,,,,,,,,,,,
Memej99,andrew_holman2,TCRG2012,bogdanoffelaine,_Tavares91,biglanny6767,cnstone79,SenatorDodson,jhskive,forwardarc,ilykinganoai,coachalexstam,ghulamali93,prfctdobrik,karie202,iamalfr3d,antoniaparra8,mohmentai,kostarlos,drodvik52,csu_scientist,jack_turban,m_e_nielsen,dukeofnewyork3,piink_dolphin,drtsexton,ryiodan,farver_m,softsoah,hoodieramey,promisechimmy,naeusername,ptwantsjustice,rmidawg,mswarriorLMS,lifeoftope,stonecoldsua,tuckerbrina,lakeshow_wess,tekwhiz,ughIvr,soft_amor,rocky1951,sassysage31,sourlover_,yehetten,nnimxxo,wonhogrl,toehyung_,vantaesz,tomiahonen,whereitrains,y0urhikari,yoontinyes,wooniland,zorovlog,,,,,,,,,,,,,,,,,,,,,,,,,,,,,,,,,,,,,,,,,,,,,,,,,,,,,,,,,,,,,,,,,,,,,,,,,,,,,,,,,,,,,,,,,,,,,,,,,,,,,,,
MindfulAcademix,annna_brownnn,VanessaBnBR,brianlewis3282,aintyourcuppa,brentjones4,coach_Liles,ShutYouthPrison,kiIIbh,garym27,isitsafe100,coachk_kunzman,jsmstormy,sapphikyun,kate_mccrea,jjbailey,djblackzitoun,piink_dolphin,leedsunitedjack,garym27,debiowens,karenerrichetti,marklewismd,elishaleann87,really_lena,jennawadsworth,ryuiseitai,insignificuntxX,supportforzayn,jechols10,stars4goo,payneandhemmo,sara2001noor,rocky1951,potcalling,sele_ebozele,str8cashhomie88,vansedgwick,matt_aye_oh,waltsimsjr,ughtaesty,sourlover_,sexyfoodbyme,soniascorna,traumaculture,zkdlicy,paulpogba,wontentia,ynguklvr,yoonxxy,zen4ever2us,wonderboybarnes,yaudaok,,,,,,,,,,,,,,,,,,,,,,,,,,,,,,,,,,,,,,,,,,,,,,,,,,,,,,,,,,,,,,,,,,,,,,,,,,,,,,,,,,,,,,,,,,,,,,,,,,,,,,,,,,
MrAndyNgo,anthonyzych,WvHannah1,cokogay,biggles14,cedrickfinnie,crobinson0893,Tiddapage,kookiectrl,jbm32753,jnxnvr,coachshehan,kostarlos,sesehyoon,magicshopbooks,jordiedanielle,eshahan345,rawrXDay,lfcfahad_,idliva,electroboyusa,michael_RNtoPA,montypal,garlic_pickle,ryoikitenkai,mikeaustinwest,seoghw,libragrl1685,taesicshidae,joelkjacob_,sugainterlude,rbonne1,sdr_medco,sexyfoodbyme,rationalbitch,soluwaaa,thank_u_hex,zaynstarfalls,mavus15,yoksig,w0npi,traumaculture,socialistpisces,zoyce016,yoursoftmommy,ztaoartista,pelebesee,,,,,,,,,,,,,,,,,,,,,,,,,,,,,,,,,,,,,,,,,,,,,,,,,,,,,,,,,,,,,,,,,,,,,,,,,,,,,,,,,,,,,,,,,,,,,,,,,,,,,,,,,,,,,,,,
NHSBME,atothebewc,armada_jasonv,cris_n3wy,blackkmagik_,cjdowney,demery_kim,Watershedd,kswagg1441,kodiak149,juliehuha,colleen_eileen,leedsunitedjack,shesdrivingme,magneto444,kvryn_,ginestarros,really_lena,mackutdd,karel60524954,joelytrumpshate,mymomthesurgeon,mtmdphd,ignorefreaks,sekysin,mrsefter,sftanne,lostinmusic1982,thevitieIIo,joshbreesus,uwukinawa,redredesertt,sergeivote,silly_emily3,reinventionfail,the_fabunmi,theMSZQ,zjmreader,r_jeezy_dagreat,zen4ever2us,wonpilbiersack,yoursoftmommy,zoyaislove,,,,,,,,,,,,,,,,,,,,,,,,,,,,,,,,,,,,,,,,,,,,,,,,,,,,,,,,,,,,,,,,,,,,,,,,,,,,,,,,,,,,,,,,,,,,,,,,,,,,,,,,,,,,,,,,,,,,
NarenSeshadri,coachsmith_24,bindi34,crzyfkinworld,considerthecash,coachpayne_JP,dillonsalem,WhteRbbnAdvocat,lvurl,llmich,lilrjunlimited,coreykcpa,lfcfahad_,singularkoshy,nm_armstrong,leah_isabella,josepaulinosan,ryoikitenkai,mcfcaaron_,kellabel,lunaticopresid1,orthokimchipac,ndenduluri1,jacqui703,slucciii,mrssparrowsnest,streetlght,mira_veronica9,treasureez,kendallfirev2,vkfilter,rosieex3,tekwhiz,sixersfanoforli,rjstrikers,tundstheengine,timadkins1_tim,zoyastorm,tallguy951,,,,,,,,,,,,,,,,,,,,,,,,,,,,,,,,,,,,,,,,,,,,,,,,,,,,,,,,,,,,,,,,,,,,,,,,,,,,,,,,,,,,,,,,,,,,,,,,,,,,,,,,,,,,,,,,,,,,,,,,
ProfAlang,crshbndicoot,blmtoo1,davywalter,coresters,considerthecash,drncgarrett,YaThinkN,martianphurba,lunaticopresid1,loganstunt,endourologyucsd,mackutdd,t4ejn,obsen8,marcusfillyaw3,otrogoga60,saucekeuchiha_,mufc_mason,pauldereume,mommamia1217,parper19,oncology_bg,leebeeesq,swrggyc,ms_cleveland,tobioweb,mrnic1319,tsukiiiua,kuntakincade,vmintted,tbfh_sam,vegix,smartass_moms,twtrrr,wlrjack,yellow815,,,,,,,,,,,,,,,,,,,,,,,,,,,,,,,,,,,,,,,,,,,,,,,,,,,,,,,,,,,,,,,,,,,,,,,,,,,,,,,,,,,,,,,,,,,,,,,,,,,,,,,,,,,,,,,,,,,,,,,,,,
ProfGrahamTowl,drewmorrisTB,blmtoo2,dindin6,danicara77,coresters,drsandychambers,age_no_barrier,masteracestick,michelle_spenc,longliveswift16,f_beasley,mcfcaaron_,timeouthoney,revet_up,moonaisdabest,rodmedi12,sekysin,primebaz,ptwantsjustice,olivier_patti,pauguste2016,ophirag,mariecountryman,tomboysanyu,mzpettey,touy4gf,rumgirlkw,vminteamo,tylersherman24,yoonglatte,wildfIowerlou,wycked_yum,someboysmother,xskinn,zirim_,,,,,,,,,,,,,,,,,,,,,,,,,,,,,,,,,,,,,,,,,,,,,,,,,,,,,,,,,,,,,,,,,,,,,,,,,,,,,,,,,,,,,,,,,,,,,,,,,,,,,,,,,,,,,,,,,,,,,,,,,,,
ProfTimNoakes,gobtlights,bmcarthur17,doxie53,dareful_,dannyraayyy,drtsexton,anne_clothier,mylanagd,myceeta,lynchblissx,gprins,mufc_mason,v33h0p3,rosy_hinata,or_lanaa,ruby2015xo,slucciii,samrosserr,ragcha,pomsmama,pnw_md,scottrberry,parsifel43,tyler_szn,principalchamp7,ugetzai,tblightning2004,vopestupid,wlrjack,yoonluver,xojessicaarosee,xtraferocity,tincanLizzy,,,,,,,,,,,,,,,,,,,,,,,,,,,,,,,,,,,,,,,,,,,,,,,,,,,,,,,,,,,,,,,,,,,,,,,,,,,,,,,,,,,,,,,,,,,,,,,,,,,,,,,,,,,,,,,,,,,,,,,,,,,,,
QasimRashid,iamJDos,calijo77,forwardarc,dc_loves_tennis,itsjeremiahlove,gaetaescoto,blakandblack,pinkvelvethobi,oregon_resister,mrjcisreal,hoagieboyhidlay,primebaz,vanteclaude,seriesfuse,putspiceonit,sabinmarketing,swrggyc,slbdiogo_,summerisunique,poptart9797,queerdoctor,sdent_duke,redmatt14,v2breaker,seydric7,wiIardo,thatsmybeercan2,zaynstarfalls,wnbacafe,zalesperson,y2stump,,,,,,,,,,,,,,,,,,,,,,,,,,,,,,,,,,,,,,,,,,,,,,,,,,,,,,,,,,,,,,,,,,,,,,,,,,,,,,,,,,,,,,,,,,,,,,,,,,,,,,,,,,,,,,,,,,,,,,,,,,,,,,,
RDerekBlack,jakem70,cokogay,funder,dirtbag_daddi,jermaine_hall_,jeffbugajski,denniallen,playgrls,pauldereume,naeusername,jamill_kelly,rfcjoej,vantewon,sjkchingu,rosehull25,shaker_michel,tomboysanyu,sznvalverde,susavestheworld,resistelle,ramlakasozimd,tmprowell,ukmav,vagabluntt,teresalky3,yeenkle,,,,,,,,,,,,,,,,,,,,,,,,,,,,,,,,,,,,,,,,,,,,,,,,,,,,,,,,,,,,,,,,,,,,,,,,,,,,,,,,,,,,,,,,,,,,,,,,,,,,,,,,,,,,,,,,,,,,,,,,,,,,,,,,,,,,
RankinProf,jamespawelczyk,dindin6,garym27,djross_86,jonathanswalley,jen_hawkins4,earthma23,rmkuIt,ptwantsjustice,only1tonid,louise_adam,samrosserr,wonhostrap,therese1105,saceila,vinaymishra1961,tyler_szn,thelfcarticle,vegix,sallydeal4,tmprowell,weoncologists,wrenasaurus,xenokizu,vscouncil,,,,,,,,,,,,,,,,,,,,,,,,,,,,,,,,,,,,,,,,,,,,,,,,,,,,,,,,,,,,,,,,,,,,,,,,,,,,,,,,,,,,,,,,,,,,,,,,,,,,,,,,,,,,,,,,,,,,,,,,,,,,,,,,,,,,,
RaoMala,justin_coxy,doxie53,hollytreat,isabelle31,kyrellluc213,jennawadsworth,lobbycoorg,robac96,ragcha,pacquiana,mattfields16,slbdiogo_,wooizdan,trdimash,sikoragabby,visit_marrakech,v2breaker,wiganchris15,wycked_yum,sergeivote,unL1Meded,yzafar,,,,,,,,,,,,,,,,,,,,,,,,,,,,,,,,,,,,,,,,,,,,,,,,,,,,,,,,,,,,,,,,,,,,,,,,,,,,,,,,,,,,,,,,,,,,,,,,,,,,,,,,,,,,,,,,,,,,,,,,,,,,,,,,,,,,,,,,
Reddit,keithewarner,evolv67,idespisegqp,jebba67,merickwins,latiquadortch,lynlinking,suhcore,resisterclaire,queenoftheringg,mrsbeasleycpa,sznvalverde,x1yeons,turkeydimash,swags_on_auto,zehramurvet,vagabluntt,willsumner09,yoksig,vegix,wordfinga,,,,,,,,,,,,,,,,,,,,,,,,,,,,,,,,,,,,,,,,,,,,,,,,,,,,,,,,,,,,,,,,,,,,,,,,,,,,,,,,,,,,,,,,,,,,,,,,,,,,,,,,,,,,,,,,,,,,,,,,,,,,,,,,,,,,,,,,,
RepJayapal,knoxrob1,farrell_nfarl,jewell35_a,kyrellluc213,modkuraika,mikeaustinwest,mormorlady,svtbeg,sdr_medco,rbonne1,sjalisi,thelfcarticle,xustyie,unclesean,taycru1,zeteamD,yozoraskey,willthompssonn,,,,,,,,,,,,,,,,,,,,,,,,,,,,,,,,,,,,,,,,,,,,,,,,,,,,,,,,,,,,,,,,,,,,,,,,,,,,,,,,,,,,,,,,,,,,,,,,,,,,,,,,,,,,,,,,,,,,,,,,,,,,,,,,,,,,,,,,,,,,
Robby42394165,kreeves53,jbm32753,lizmoblubuckeye,leileiokay,mrbrown124,missdavis_kait,noplaceforsheep,taeilfrog,sergeivote,real_diculous,stevegarland125,wiganchris15,yeosvt,wetbulldog,tiffhoneynguyen,,,,,,,,,,,,,,,,,,,,,,,,,,,,,,,,,,,,,,,,,,,,,,,,,,,,,,,,,,,,,,,,,,,,,,,,,,,,,,,,,,,,,,,,,,,,,,,,,,,,,,,,,,,,,,,,,,,,,,,,,,,,,,,,,,,,,,,,,,,,,,,
STEMHigher,kyle_zedaker,jkelink,lunaticopresid1,maberrie,p_laudi,missuehlin,notowelfarecard,the1414the,small1ldy1,reneesheadset,sthavaseeelan1,willsumner09,yrnjimin,,,,,,,,,,,,,,,,,,,,,,,,,,,,,,,,,,,,,,,,,,,,,,,,,,,,,,,,,,,,,,,,,,,,,,,,,,,,,,,,,,,,,,,,,,,,,,,,,,,,,,,,,,,,,,,,,,,,,,,,,,,,,,,,,,,,,,,,,,,,,,,,,
STEMJustice,kylevc,joegmurph,michelle_spenc,madalxnx,raiderlady70,mrsefter,paulinehollywoo,tinynines,tekwhiz,rondarouseyszn,wehodarwinian,willthompssonn,,,,,,,,,,,,,,,,,,,,,,,,,,,,,,,,,,,,,,,,,,,,,,,,,,,,,,,,,,,,,,,,,,,,,,,,,,,,,,,,,,,,,,,,,,,,,,,,,,,,,,,,,,,,,,,,,,,,,,,,,,,,,,,,,,,,,,,,,,,,,,,,,,
STEMWomen,lilmorris19,jpierni,msvespa,mswgrrrrl,rainb0wskyz,mrsfosters4th,prudinx,trtlmin,vegix,wwezigglerguy,,,,,,,,,,,,,,,,,,,,,,,,,,,,,,,,,,,,,,,,,,,,,,,,,,,,,,,,,,,,,,,,,,,,,,,,,,,,,,,,,,,,,,,,,,,,,,,,,,,,,,,,,,,,,,,,,,,,,,,,,,,,,,,,,,,,,,,,,,,,,,,,,,,,
ShomariLW,markmajewski,katibug817,oddworld2020,p_laudi,reed_begley,ms_cleveland,rationalbitch,uenct,womanrises,x_rob_,,,,,,,,,,,,,,,,,,,,,,,,,,,,,,,,,,,,,,,,,,,,,,,,,,,,,,,,,,,,,,,,,,,,,,,,,,,,,,,,,,,,,,,,,,,,,,,,,,,,,,,,,,,,,,,,,,,,,,,,,,,,,,,,,,,,,,,,,,,,,,,,,,,,
SoMe_Lilian,meg__bor,kristinresistin,oregon_resister,sassmonkey74,seanbarows,msgilmer3,rjstrikers,xianseo,yoksig,y2stump,,,,,,,,,,,,,,,,,,,,,,,,,,,,,,,,,,,,,,,,,,,,,,,,,,,,,,,,,,,,,,,,,,,,,,,,,,,,,,,,,,,,,,,,,,,,,,,,,,,,,,,,,,,,,,,,,,,,,,,,,,,,,,,,,,,,,,,,,,,,,,,,,,,,
Stemettes,mora82,mcburls,pauldereume,suchplatonic,tashaabby_,redandwhiteap,twtrrr,yngi28,zen4ever2us,,,,,,,,,,,,,,,,,,,,,,,,,,,,,,,,,,,,,,,,,,,,,,,,,,,,,,,,,,,,,,,,,,,,,,,,,,,,,,,,,,,,,,,,,,,,,,,,,,,,,,,,,,,,,,,,,,,,,,,,,,,,,,,,,,,,,,,,,,,,,,,,,,,,,
UKRI_CEO,mzjenjacobs,missin_florida,ragcha,thatonekimgirl,thatguyprl,seydric7,wgarnews,ynkive,,,,,,,,,,,,,,,,,,,,,,,,,,,,,,,,,,,,,,,,,,,,,,,,,,,,,,,,,,,,,,,,,,,,,,,,,,,,,,,,,,,,,,,,,,,,,,,,,,,,,,,,,,,,,,,,,,,,,,,,,,,,,,,,,,,,,,,,,,,,,,,,,,,,,,
UKRI_News,nona_jr,oregon_resister,sara2001noor,tornjordans,titansmitt,teresalky3,xskinn,yuriclip,,,,,,,,,,,,,,,,,,,,,,,,,,,,,,,,,,,,,,,,,,,,,,,,,,,,,,,,,,,,,,,,,,,,,,,,,,,,,,,,,,,,,,,,,,,,,,,,,,,,,,,,,,,,,,,,,,,,,,,,,,,,,,,,,,,,,,,,,,,,,,,,,,,,,,
UniversitiesUK,number9concepts,ozzyunc,sdr_medco,tubbyzach,wlrjack,vscouncil,,,,,,,,,,,,,,,,,,,,,,,,,,,,,,,,,,,,,,,,,,,,,,,,,,,,,,,,,,,,,,,,,,,,,,,,,,,,,,,,,,,,,,,,,,,,,,,,,,,,,,,,,,,,,,,,,,,,,,,,,,,,,,,,,,,,,,,,,,,,,,,,,,,,,,,,
VernaMyers,persianprince07,ptwantsjustice,sergeivote,wlrjack,,,,,,,,,,,,,,,,,,,,,,,,,,,,,,,,,,,,,,,,,,,,,,,,,,,,,,,,,,,,,,,,,,,,,,,,,,,,,,,,,,,,,,,,,,,,,,,,,,,,,,,,,,,,,,,,,,,,,,,,,,,,,,,,,,,,,,,,,,,,,,,,,,,,,,,,,,
Voa1234,rachel_lauren14,rr7lv,tekwhiz,,,,,,,,,,,,,,,,,,,,,,,,,,,,,,,,,,,,,,,,,,,,,,,,,,,,,,,,,,,,,,,,,,,,,,,,,,,,,,,,,,,,,,,,,,,,,,,,,,,,,,,,,,,,,,,,,,,,,,,,,,,,,,,,,,,,,,,,,,,,,,,,,,,,,,,,,,,
WHENequality,rosiekatroach,sdr_medco,vegix,,,,,,,,,,,,,,,,,,,,,,,,,,,,,,,,,,,,,,,,,,,,,,,,,,,,,,,,,,,,,,,,,,,,,,,,,,,,,,,,,,,,,,,,,,,,,,,,,,,,,,,,,,,,,,,,,,,,,,,,,,,,,,,,,,,,,,,,,,,,,,,,,,,,,,,,,,,
WPA_Psychiatry,ryan_nix,sergeivote,xtraferocity,,,,,,,,,,,,,,,,,,,,,,,,,,,,,,,,,,,,,,,,,,,,,,,,,,,,,,,,,,,,,,,,,,,,,,,,,,,,,,,,,,,,,,,,,,,,,,,,,,,,,,,,,,,,,,,,,,,,,,,,,,,,,,,,,,,,,,,,,,,,,,,,,,,,,,,,,,,
academicvoices,shandydawkins,smom_sara,yoksig,,,,,,,,,,,,,,,,,,,,,,,,,,,,,,,,,,,,,,,,,,,,,,,,,,,,,,,,,,,,,,,,,,,,,,,,,,,,,,,,,,,,,,,,,,,,,,,,,,,,,,,,,,,,,,,,,,,,,,,,,,,,,,,,,,,,,,,,,,,,,,,,,,,,,,,,,,,
ajackiehunter,wholelottaola,tekwhiz,,,,,,,,,,,,,,,,,,,,,,,,,,,,,,,,,,,,,,,,,,,,,,,,,,,,,,,,,,,,,,,,,,,,,,,,,,,,,,,,,,,,,,,,,,,,,,,,,,,,,,,,,,,,,,,,,,,,,,,,,,,,,,,,,,,,,,,,,,,,,,,,,,,,,,,,,,,,
ana_safavi,zswartz,vegix,,,,,,,,,,,,,,,,,,,,,,,,,,,,,,,,,,,,,,,,,,,,,,,,,,,,,,,,,,,,,,,,,,,,,,,,,,,,,,,,,,,,,,,,,,,,,,,,,,,,,,,,,,,,,,,,,,,,,,,,,,,,,,,,,,,,,,,,,,,,,,,,,,,,,,,,,,,,
arghavan_salles,,,,,,,,,,,,,,,,,,,,,,,,,,,,,,,,,,,,,,,,,,,,,,,,,,,,,,,,,,,,,,,,,,,,,,,,,,,,,,,,,,,,,,,,,,,,,,,,,,,,,,,,,,,,,,,,,,,,,,,,,,,,,,,,,,,,,,,,,,,,,,,,,,,,,,,,,,,,,,
ayshakhoury,,,,,,,,,,,,,,,,,,,,,,,,,,,,,,,,,,,,,,,,,,,,,,,,,,,,,,,,,,,,,,,,,,,,,,,,,,,,,,,,,,,,,,,,,,,,,,,,,,,,,,,,,,,,,,,,,,,,,,,,,,,,,,,,,,,,,,,,,,,,,,,,,,,,,,,,,,,,,,
bmckinney5678,,,,,,,,,,,,,,,,,,,,,,,,,,,,,,,,,,,,,,,,,,,,,,,,,,,,,,,,,,,,,,,,,,,,,,,,,,,,,,,,,,,,,,,,,,,,,,,,,,,,,,,,,,,,,,,,,,,,,,,,,,,,,,,,,,,,,,,,,,,,,,,,,,,,,,,,,,,,,,
bmj_latest,,,,,,,,,,,,,,,,,,,,,,,,,,,,,,,,,,,,,,,,,,,,,,,,,,,,,,,,,,,,,,,,,,,,,,,,,,,,,,,,,,,,,,,,,,,,,,,,,,,,,,,,,,,,,,,,,,,,,,,,,,,,,,,,,,,,,,,,,,,,,,,,,,,,,,,,,,,,,,
braincures,,,,,,,,,,,,,,,,,,,,,,,,,,,,,,,,,,,,,,,,,,,,,,,,,,,,,,,,,,,,,,,,,,,,,,,,,,,,,,,,,,,,,,,,,,,,,,,,,,,,,,,,,,,,,,,,,,,,,,,,,,,,,,,,,,,,,,,,,,,,,,,,,,,,,,,,,,,,,,
centreWJ,,,,,,,,,,,,,,,,,,,,,,,,,,,,,,,,,,,,,,,,,,,,,,,,,,,,,,,,,,,,,,,,,,,,,,,,,,,,,,,,,,,,,,,,,,,,,,,,,,,,,,,,,,,,,,,,,,,,,,,,,,,,,,,,,,,,,,,,,,,,,,,,,,,,,,,,,,,,,,
charter4values,,,,,,,,,,,,,,,,,,,,,,,,,,,,,,,,,,,,,,,,,,,,,,,,,,,,,,,,,,,,,,,,,,,,,,,,,,,,,,,,,,,,,,,,,,,,,,,,,,,,,,,,,,,,,,,,,,,,,,,,,,,,,,,,,,,,,,,,,,,,,,,,,,,,,,,,,,,,,,
civilrightsorg,,,,,,,,,,,,,,,,,,,,,,,,,,,,,,,,,,,,,,,,,,,,,,,,,,,,,,,,,,,,,,,,,,,,,,,,,,,,,,,,,,,,,,,,,,,,,,,,,,,,,,,,,,,,,,,,,,,,,,,,,,,,,,,,,,,,,,,,,,,,,,,,,,,,,,,,,,,,,,
dineshbhugra,,,,,,,,,,,,,,,,,,,,,,,,,,,,,,,,,,,,,,,,,,,,,,,,,,,,,,,,,,,,,,,,,,,,,,,,,,,,,,,,,,,,,,,,,,,,,,,,,,,,,,,,,,,,,,,,,,,,,,,,,,,,,,,,,,,,,,,,,,,,,,,,,,,,,,,,,,,,,,
do_kinder,,,,,,,,,,,,,,,,,,,,,,,,,,,,,,,,,,,,,,,,,,,,,,,,,,,,,,,,,,,,,,,,,,,,,,,,,,,,,,,,,,,,,,,,,,,,,,,,,,,,,,,,,,,,,,,,,,,,,,,,,,,,,,,,,,,,,,,,,,,,,,,,,,,,,,,,,,,,,,
doctorow,,,,,,,,,,,,,,,,,,,,,,,,,,,,,,,,,,,,,,,,,,,,,,,,,,,,,,,,,,,,,,,,,,,,,,,,,,,,,,,,,,,,,,,,,,,,,,,,,,,,,,,,,,,,,,,,,,,,,,,,,,,,,,,,,,,,,,,,,,,,,,,,,,,,,,,,,,,,,,
doctorsoumya,,,,,,,,,,,,,,,,,,,,,,,,,,,,,,,,,,,,,,,,,,,,,,,,,,,,,,,,,,,,,,,,,,,,,,,,,,,,,,,,,,,,,,,,,,,,,,,,,,,,,,,,,,,,,,,,,,,,,,,,,,,,,,,,,,,,,,,,,,,,,,,,,,,,,,,,,,,,,,
ilyas_nagdee,,,,,,,,,,,,,,,,,,,,,,,,,,,,,,,,,,,,,,,,,,,,,,,,,,,,,,,,,,,,,,,,,,,,,,,,,,,,,,,,,,,,,,,,,,,,,,,,,,,,,,,,,,,,,,,,,,,,,,,,,,,,,,,,,,,,,,,,,,,,,,,,,,,,,,,,,,,,,,
jenkrubin,,,,,,,,,,,,,,,,,,,,,,,,,,,,,,,,,,,,,,,,,,,,,,,,,,,,,,,,,,,,,,,,,,,,,,,,,,,,,,,,,,,,,,,,,,,,,,,,,,,,,,,,,,,,,,,,,,,,,,,,,,,,,,,,,,,,,,,,,,,,,,,,,,,,,,,,,,,,,,
katherinefugate,,,,,,,,,,,,,,,,,,,,,,,,,,,,,,,,,,,,,,,,,,,,,,,,,,,,,,,,,,,,,,,,,,,,,,,,,,,,,,,,,,,,,,,,,,,,,,,,,,,,,,,,,,,,,,,,,,,,,,,,,,,,,,,,,,,,,,,,,,,,,,,,,,,,,,,,,,,,,,
marlataviano,,,,,,,,,,,,,,,,,,,,,,,,,,,,,,,,,,,,,,,,,,,,,,,,,,,,,,,,,,,,,,,,,,,,,,,,,,,,,,,,,,,,,,,,,,,,,,,,,,,,,,,,,,,,,,,,,,,,,,,,,,,,,,,,,,,,,,,,,,,,,,,,,,,,,,,,,,,,,,
mashalamarie,,,,,,,,,,,,,,,,,,,,,,,,,,,,,,,,,,,,,,,,,,,,,,,,,,,,,,,,,,,,,,,,,,,,,,,,,,,,,,,,,,,,,,,,,,,,,,,,,,,,,,,,,,,,,,,,,,,,,,,,,,,,,,,,,,,,,,,,,,,,,,,,,,,,,,,,,,,,,,
nhsbame,,,,,,,,,,,,,,,,,,,,,,,,,,,,,,,,,,,,,,,,,,,,,,,,,,,,,,,,,,,,,,,,,,,,,,,,,,,,,,,,,,,,,,,,,,,,,,,,,,,,,,,,,,,,,,,,,,,,,,,,,,,,,,,,,,,,,,,,,,,,,,,,,,,,,,,,,,,,,,
rwade300,,,,,,,,,,,,,,,,,,,,,,,,,,,,,,,,,,,,,,,,,,,,,,,,,,,,,,,,,,,,,,,,,,,,,,,,,,,,,,,,,,,,,,,,,,,,,,,,,,,,,,,,,,,,,,,,,,,,,,,,,,,,,,,,,,,,,,,,,,,,,,,,,,,,,,,,,,,,,,
soozaphone,,,,,,,,,,,,,,,,,,,,,,,,,,,,,,,,,,,,,,,,,,,,,,,,,,,,,,,,,,,,,,,,,,,,,,,,,,,,,,,,,,,,,,,,,,,,,,,,,,,,,,,,,,,,,,,,,,,,,,,,,,,,,,,,,,,,,,,,,,,,,,,,,,,,,,,,,,,,,,
theRCN,,,,,,,,,,,,,,,,,,,,,,,,,,,,,,,,,,,,,,,,,,,,,,,,,,,,,,,,,,,,,,,,,,,,,,,,,,,,,,,,,,,,,,,,,,,,,,,,,,,,,,,,,,,,,,,,,,,,,,,,,,,,,,,,,,,,,,,,,,,,,,,,,,,,,,,,,,,,,,
thenosm,,,,,,,,,,,,,,,,,,,,,,,,,,,,,,,,,,,,,,,,,,,,,,,,,,,,,,,,,,,,,,,,,,,,,,,,,,,,,,,,,,,,,,,,,,,,,,,,,,,,,,,,,,,,,,,,,,,,,,,,,,,,,,,,,,,,,,,,,,,,,,,,,,,,,,,,,,,,,,
wef,,,,,,,,,,,,,,,,,,,,,,,,,,,,,,,,,,,,,,,,,,,,,,,,,,,,,,,,,,,,,,,,,,,,,,,,,,,,,,,,,,,,,,,,,,,,,,,,,,,,,,,,,,,,,,,,,,,,,,,,,,,,,,,,,,,,,,,,,,,,,,,,,,,,,,,,,,,,,,
wellcometrust,,,,,,,,,,,,,,,,,,,,,,,,,,,,,,,,,,,,,,,,,,,,,,,,,,,,,,,,,,,,,,,,,,,,,,,,,,,,,,,,,,,,,,,,,,,,,,,,,,,,,,,,,,,,,,,,,,,,,,,,,,,,,,,,,,,,,,,,,,,,,,,,,,,,,,,,,,,,,,
womenspeakersHC,,,,,,,,,,,,,,,,,,,,,,,,,,,,,,,,,,,,,,,,,,,,,,,,,,,,,,,,,,,,,,,,,,,,,,,,,,,,,,,,,,,,,,,,,,,,,,,,,,,,,,,,,,,,,,,,,,,,,,,,,,,,,,,,,,,,,,,,,,,,,,,,,,,,,,,,,,,,,,
zosiamk,,,,,,,,,,,,,,,,,,,,,,,,,,,,,,,,,,,,,,,,,,,,,,,,,,,,,,,,,,,,,,,,,,,,,,,,,,,,,,,,,,,,,,,,,,,,,,,,,,,,,,,,,,,,,,,,,,,,,,,,,,,,,,,,,,,,,,,,,,,,,,,,,,,,,,,,,,,,,,
